Word,Freq,Rank
the,3861,1
and,3350,2
her,2436,3
was,1846,4
she,1333,5
that,1297,6
for,1234,7
not,1212,8
you,1037,9
with,971,10
had,969,11
his,941,12
have,807,13
Elinor,684,14
all,642,15
him,633,16
but,597,17
which,592,18
could,568,19
Marianne,566,20
Mrs,530,21
from,527,22
would,507,23
very,492,24
their,463,25
them,462,26
been,440,27
were,437,28
they,428,29
more,406,30
said,397,31
any,389,32
what,375,33
this,372,34
every,361,35
than,360,36
will,354,37
your,347,38
such,340,39
one,304,40
But,289,41
much,287,42
only,282,43
sister,282,44
must,279,45
own,271,46
Edward,262,47
when,261,48
who,260,49
She,258,50
mother,258,51
herself,255,52
Dashwood,252,53
The,243,54
time,237,55
Jennings,230,56
know,230,57
should,228,58
are,224,59
might,215,60
Willoughby,215,61
did,211,62
now,210,63
there,209,64
think,209,65
Miss,208,66
some,206,67
can,206,68
though,204,69
has,200,70
before,198,71
well,191,72
too,188,73
other,186,74
thing,185,75
Lucy,185,76
never,184,77
how,183,78
after,180,79
soon,180,80
see,173,81
Colonel,173,82
without,171,83
nothing,170,84
may,169,85
ever,169,86
good,166,87
being,164,88
John,163,89
out,161,90
first,160,91
say,160,92
house,159,93
little,158,94
most,152,95
day,150,96
great,149,97
two,145,98
however,145,99
Brandon,144,100
again,143,101
And,141,102
make,140,103
made,138,104
about,135,105
sure,134,106
its,133,107
Ferrars,129,108
You,128,109
heart,127,110
then,126,111
give,126,112
shall,123,113
always,122,114
man,121,115
even,121,116
room,119,117
thought,116,118
into,115,119
himself,114,120
saw,114,121
Sir,113,122
away,112,123
dear,109,124
while,107,125
felt,106,126
myself,103,127
enough,103,128
young,103,129
same,102,130
Middleton,102,131
replied,102,132
last,101,133
over,100,134
long,100,135
moment,99,136
Lady,99,137
left,98,138
many,98,139
mind,98,140
still,97,141
less,96,142
happy,96,143
kind,95,144
come,95,145
therefore,93,146
world,93,147
quite,92,148
both,92,149
seemed,91,150
They,90,151
believe,89,152
came,89,153
Barton,89,154
cannot,89,155
upon,88,156
morning,87,157
cried,87,158
place,87,159
hope,87,160
town,86,161
Her,86,162
nor,85,163
where,84,164
present,84,165
really,83,166
brother,83,167
indeed,83,168
family,83,169
almost,83,170
tell,82,171
till,82,172
like,80,173
affection,79,174
heard,78,175
better,78,176
love,77,177
Palmer,77,178
few,77,179
letter,76,180
down,76,181
way,74,182
another,74,183
rather,73,184
together,73,185
wish,73,186
feelings,73,187
His,72,188
once,72,189
something,71,190
done,71,191
gave,71,192
found,71,193
hear,70,194
person,70,195
least,70,196
spirits,69,197
home,69,198
yet,68,199
subject,68,200
What,68,201
woman,68,202
told,68,203
our,67,204
pleasure,67,205
whom,67,206
far,67,207
just,67,208
between,66,209
whole,66,210
happiness,66,211
feel,66,212
hardly,65,213
behaviour,64,214
against,64,215
look,64,216
opinion,63,217
perhaps,63,218
comfort,63,219
engagement,62,220
friends,62,221
visit,62,222
towards,62,223
speak,61,224
knew,61,225
because,60,226
known,60,227
looked,60,228
three,60,229
since,59,230
others,59,231
This,59,232
brought,58,233
within,58,234
cottage,58,235
life,58,236
going,58,237
attention,58,238
leave,58,239
each,57,240
off,57,241
having,57,242
continued,56,243
short,56,244
side,56,245
manner,56,246
these,56,247
seen,56,248
eyes,56,249
half,55,250
friend,55,251
general,55,252
find,55,253
suppose,55,254
wished,54,255
people,54,256
given,54,257
married,54,258
year,54,259
end,54,260
rest,54,261
situation,54,262
longer,53,263
How,53,264
reason,53,265
Norland,53,266
next,52,267
took,52,268
returned,52,269
passed,52,270
often,52,271
body,52,272
evening,51,273
under,51,274
voice,51,275
ill,50,276
does,50,277
wife,49,278
Well,49,279
here,49,280
regard,49,281
years,49,282
farther,49,283
possible,49,284
certainly,49,285
went,49,286
already,49,287
those,48,288
Fanny,48,289
party,48,290
whose,48,291
part,48,292
sisters,48,293
word,47,294
minutes,47,295
obliged,47,296
thousand,47,297
interest,47,298
matter,47,299
able,46,300
daughter,46,301
doubt,46,302
particular,46,303
else,46,304
determined,46,305
When,45,306
Street,45,307
Yes,45,308
days,45,309
power,45,310
business,45,311
old,44,312
marriage,44,313
neither,44,314
account,44,315
glad,44,316
name,43,317
take,43,318
whether,43,319
entirely,43,320
poor,43,321
put,43,322
called,43,323
husband,43,324
perfectly,43,325
lady,43,326
beyond,42,327
return,42,328
mean,42,329
began,42,330
kindness,42,331
want,42,332
hand,42,333
directly,42,334
pounds,41,335
carriage,41,336
seeing,41,337
child,41,338
added,41,339
That,41,340
talk,40,341
engaged,40,342
entered,40,343
equally,40,344
back,40,345
surprise,40,346
received,39,347
expected,39,348
saying,39,349
hours,38,350
greater,38,351
fortune,38,352
yourself,38,353
real,38,354
spent,38,355
door,38,356
themselves,38,357
giving,38,358
Steele,38,359
point,38,360
means,38,361
through,37,362
settled,37,363
coming,37,364
conduct,37,365
head,37,366
object,37,367
silent,37,368
wonder,37,369
sat,37,370
ask,36,371
live,36,372
months,36,373
dare,36,374
girl,36,375
case,36,376
living,36,377
Margaret,36,378
open,36,379
pretty,36,380
Dashwoods,36,381
night,35,382
arrival,35,383
spite,35,384
call,35,385
appeared,35,386
hour,35,387
son,35,388
spoke,35,389
ready,35,390
London,35,391
common,35,392
impossible,35,393
ought,34,394
week,34,395
character,34,396
Your,34,397
sorry,34,398
either,34,399
Robert,34,400
gone,34,401
manners,34,402
attachment,34,403
four,34,404
children,33,405
care,33,406
country,33,407
set,33,408
ladies,33,409
Their,33,410
answer,33,411
deal,33,412
afterwards,33,413
sake,33,414
nature,32,415
talked,32,416
certain,32,417
There,32,418
invitation,32,419
alone,32,420
silence,32,421
near,32,422
law,32,423
assure,32,424
right,32,425
confidence,31,426
get,31,427
five,31,428
fancy,31,429
different,31,430
sense,31,431
convinced,31,432
keep,31,433
instantly,31,434
former,31,435
whatever,31,436
new,31,437
pleased,31,438
stay,30,439
believed,30,440
father,30,441
Steeles,30,442
course,30,443
table,30,444
natural,30,445
wishes,30,446
full,30,447
park,30,448
wanted,30,449
Delaford,30,450
judgment,30,451
usual,30,452
happened,30,453
small,29,454
walked,29,455
self,29,456
marry,29,457
easily,29,458
doing,29,459
company,29,460
change,29,461
taken,29,462
Lord,29,463
remained,29,464
necessary,29,465
kept,29,466
anxious,29,467
For,28,468
knowledge,28,469
appearance,28,470
Poor,28,471
strong,28,472
drawing,28,473
resolved,28,474
question,28,475
repeated,28,476
future,28,477
feeling,28,478
greatest,28,479
gentleman,28,480
words,28,481
affair,28,482
likely,28,483
considered,27,484
Cleveland,27,485
talking,27,486
declared,27,487
round,27,488
favour,27,489
daughters,27,490
turned,27,491
bed,27,492
expect,27,493
got,27,494
misery,27,495
suffered,27,496
taste,27,497
handsome,27,498
past,27,499
concern,27,500
exactly,27,501
notice,27,502
hearing,27,503
assured,26,504
best,26,505
truth,26,506
distress,26,507
resolution,26,508
satisfied,26,509
likewise,26,510
Devonshire,26,511
let,26,512
occasion,26,513
large,26,514
state,26,515
low,26,516
acquainted,26,517
money,26,518
produced,26,519
fear,26,520
understand,26,521
allow,25,522
face,25,523
fine,25,524
agreeable,25,525
anything,25,526
event,25,527
latter,25,528
otherwise,25,529
advantage,25,530
pain,25,531
why,25,532
surprised,25,533
Had,25,534
meeting,25,535
favourite,25,536
seems,24,537
late,24,538
Why,24,539
dinner,24,540
fixed,24,541
painful,24,542
taking,24,543
forced,24,544
curiosity,24,545
answered,24,546
Perhaps,24,547
Charlotte,24,548
supposed,24,549
proper,24,550
appear,24,551
thoughts,24,552
ten,24,553
met,24,554
joy,24,555
society,24,556
desire,24,557
delight,24,558
idea,24,559
true,23,560
reached,23,561
sometimes,23,562
men,23,563
immediate,23,564
earnest,23,565
scarcely,23,566
serious,23,567
use,23,568
servant,23,569
afraid,23,570
regret,23,571
cold,23,572
After,23,573
income,23,574
worth,23,575
window,23,576
probably,23,577
formed,23,578
tears,23,579
weeks,23,580
effect,23,581
bear,23,582
smile,23,583
making,23,584
things,23,585
promise,22,586
share,22,587
sitting,22,588
meet,22,589
read,22,590
prevent,22,591
danger,22,592
journey,22,593
plan,22,594
strange,22,595
wrong,22,596
respect,22,597
leaving,22,598
knowing,22,599
Did,22,600
merely,22,601
constant,22,602
connection,22,603
easy,22,604
admiration,22,605
asked,22,606
Park,22,607
arrived,21,608
emotion,21,609
mistaken,21,610
hundred,21,611
Not,21,612
sent,21,613
fond,21,614
chance,21,615
disposed,21,616
avoid,21,617
beauty,21,618
view,21,619
conviction,21,620
exertion,21,621
melancholy,21,622
temper,21,623
looking,21,624
meant,21,625
With,21,626
tried,21,627
address,21,628
equal,21,629
speaking,21,630
consider,20,631
soul,20,632
friendship,20,633
above,20,634
forward,20,635
walk,20,636
eager,20,637
used,20,638
times,20,639
compassion,20,640
loss,20,641
eldest,20,642
lived,20,643
inquiry,20,644
unhappy,20,645
seem,20,646
lost,20,647
smallest,20,648
thus,20,649
delighted,20,650
letters,20,651
enjoyment,20,652
elegance,20,653
weather,19,654
staying,19,655
difference,19,656
eye,19,657
stairs,19,658
among,19,659
tenderness,19,660
required,19,661
difficulty,19,662
age,19,663
hoped,19,664
Middletons,19,665
liberty,19,666
secret,19,667
estate,19,668
companion,19,669
mentioned,19,670
wait,19,671
discourse,19,672
Nothing,19,673
breakfast,19,674
Such,19,675
early,19,676
quiet,19,677
help,19,678
gratitude,18,679
entrance,18,680
sight,18,681
none,18,682
delightful,18,683
necessity,18,684
honour,18,685
Then,18,686
thinking,18,687
air,18,688
style,18,689
alarm,18,690
overcome,18,691
followed,18,692
unable,18,693
pity,18,694
hair,18,695
calm,18,696
relief,18,697
second,18,698
moments,18,699
Allenham,18,700
attended,18,701
Smith,18,702
especially,18,703
become,18,704
capable,18,705
writing,18,706
music,18,707
joined,18,708
praise,18,709
hopes,18,710
thirty,17,711
led,17,712
amiable,17,713
bring,17,714
mine,17,715
pause,17,716
simple,17,717
attempt,17,718
Morton,17,719
allowed,17,720
worse,17,721
Berkeley,17,722
anxiety,17,723
looks,17,724
charming,17,725
warmth,17,726
agitation,17,727
need,17,728
Indeed,17,729
except,17,730
uncle,17,731
became,17,732
ease,17,733
behind,17,734
cousins,17,735
hands,17,736
composure,17,737
remember,17,738
welcome,17,739
spirit,17,740
calmness,17,741
receive,16,742
carried,16,743
write,16,744
laughed,16,745
influence,16,746
opinions,16,747
purpose,16,748
yes,16,749
parties,16,750
declare,16,751
esteem,16,752
girls,16,753
informed,16,754
don,16,755
affliction,16,756
quitted,16,757
relations,16,758
grave,16,759
everything,16,760
aware,16,761
turn,16,762
loved,16,763
rich,16,764
Harley,16,765
Combe,16,766
persuaded,16,767
civility,16,768
Every,16,769
smart,15,770
finding,15,771
ago,15,772
engage,15,773
civil,15,774
Exeter,15,775
importance,15,776
several,15,777
turning,15,778
suspicion,15,779
tea,15,780
form,15,781
lately,15,782
spoken,15,783
suffering,15,784
work,15,785
prevented,15,786
alteration,15,787
afford,15,788
utmost,15,789
expressed,15,790
One,15,791
tomorrow,15,792
itself,15,793
removed,15,794
express,15,795
note,15,796
violent,15,797
fire,15,798
match,15,799
excuse,15,800
highly,15,801
trust,15,802
offer,15,803
unwilling,15,804
prospect,15,805
gained,15,806
pleasant,15,807
twenty,15,808
presence,15,809
cause,15,810
nobody,15,811
observed,15,812
six,15,813
mutual,15,814
increased,15,815
delay,15,816
dreadful,14,817
marrying,14,818
during,14,819
wishing,14,820
politeness,14,821
From,14,822
meaning,14,823
fresh,14,824
understood,14,825
command,14,826
yours,14,827
judged,14,828
duty,14,829
heavy,14,830
mention,14,831
concerned,14,832
eagerly,14,833
proof,14,834
imagine,14,835
assurance,14,836
occurred,14,837
yesterday,14,838
altogether,14,839
cheerful,14,840
Now,14,841
degree,14,842
justice,14,843
drew,14,844
written,14,845
propriety,14,846
assistance,14,847
treated,14,848
knows,14,849
suffer,14,850
amusement,14,851
relation,14,852
won,14,853
reproach,14,854
perceive,14,855
clock,14,856
frequently,14,857
news,14,858
support,14,859
card,14,860
folly,14,861
supported,14,862
creature,14,863
employment,13,864
secure,13,865
evident,13,866
expense,13,867
orders,13,868
cousin,13,869
laugh,13,870
pressed,13,871
extremely,13,872
whenever,13,873
perceived,13,874
parted,13,875
calling,13,876
seven,13,877
forth,13,878
assist,13,879
dance,13,880
burst,13,881
says,13,882
invited,13,883
recovered,13,884
health,13,885
expression,13,886
persuasion,13,887
earnestly,13,888
receiving,13,889
sweet,13,890
naturally,13,891
fellow,13,892
intended,13,893
sensible,13,894
merit,13,895
comparison,13,896
feared,13,897
proved,13,898
due,13,899
trouble,13,900
selfish,13,901
garden,13,902
solicitude,13,903
fortnight,13,904
consent,13,905
All,13,906
sit,13,907
leisure,13,908
conscience,13,909
horses,13,910
walking,13,911
private,13,912
post,13,913
death,13,914
grateful,13,915
offence,13,916
returning,13,917
rose,13,918
evil,13,919
length,12,920
terms,12,921
hastily,12,922
Though,12,923
objection,12,924
Certainly,12,925
beautiful,12,926
broken,12,927
hills,12,928
suddenly,12,929
wrote,12,930
besides,12,931
prepared,12,932
astonished,12,933
join,12,934
placed,12,935
fell,12,936
tone,12,937
spare,12,938
fact,12,939
waiting,12,940
minute,12,941
intimate,12,942
natured,12,943
couple,12,944
sending,12,945
affections,12,946
dislike,12,947
paid,12,948
grief,12,949
instead,12,950
happen,12,951
greatly,12,952
Have,12,953
suspect,12,954
wretched,12,955
probable,12,956
related,12,957
smiling,12,958
exclaimed,12,959
heartily,12,960
reflection,12,961
promised,12,962
vanity,12,963
gay,12,964
remaining,12,965
raised,12,966
restored,12,967
sincere,12,968
superior,12,969
mistress,12,970
important,12,971
forgot,12,972
continual,12,973
ignorance,12,974
bringing,12,975
twice,12,976
increase,12,977
confess,12,978
warm,12,979
reasonable,12,980
censure,12,981
lay,12,982
opposition,12,983
enter,12,984
illness,12,985
distance,12,986
sudden,12,987
angry,12,988
Here,12,989
lively,12,990
hold,12,991
remain,12,992
miserable,12,993
interested,12,994
warmly,12,995
finished,12,996
material,12,997
mama,12,998
procured,12,999
drawn,12,1000
Magna,11,1001
profession,11,1002
force,11,1003
parlour,11,1004
colour,11,1005
imprudence,11,1006
caught,11,1007
reply,11,1008
tender,11,1009
ideas,11,1010
uncertain,11,1011
behaved,11,1012
deceived,11,1013
pleasing,11,1014
please,11,1015
eagerness,11,1016
attend,11,1017
hurried,11,1018
intimacy,11,1019
openly,11,1020
send,11,1021
attempted,11,1022
pray,11,1023
stand,11,1024
dared,11,1025
women,11,1026
contrary,11,1027
piece,11,1028
rain,11,1029
raise,11,1030
excellent,11,1031
removal,11,1032
objects,11,1033
sorrow,11,1034
employed,11,1035
spared,11,1036
village,11,1037
bad,11,1038
spend,11,1039
amazement,11,1040
inquiries,11,1041
thoroughly,11,1042
light,11,1043
explained,11,1044
picture,11,1045
free,11,1046
wondered,11,1047
stopped,11,1048
sigh,11,1049
monstrous,11,1050
sooner,11,1051
beginning,11,1052
variety,11,1053
concluded,11,1054
anybody,11,1055
injured,11,1056
forget,11,1057
public,11,1058
possession,11,1059
striking,11,1060
Good,11,1061
fancied,10,1062
education,10,1063
Palmers,10,1064
apology,10,1065
thrown,10,1066
lover,10,1067
books,10,1068
speech,10,1069
proud,10,1070
high,10,1071
united,10,1072
eight,10,1073
humour,10,1074
dull,10,1075
attending,10,1076
condition,10,1077
waited,10,1078
attached,10,1079
request,10,1080
sum,10,1081
seated,10,1082
accept,10,1083
Grey,10,1084
story,10,1085
hearted,10,1086
fears,10,1087
visitors,10,1088
lock,10,1089
assurances,10,1090
beg,10,1091
delicacy,10,1092
sleep,10,1093
dining,10,1094
safe,10,1095
forgiven,10,1096
quick,10,1097
fortitude,10,1098
parting,10,1099
ceased,10,1100
direction,10,1101
furniture,10,1102
act,10,1103
miles,10,1104
partiality,10,1105
Yet,10,1106
design,10,1107
Upon,10,1108
However,10,1109
along,10,1110
opened,10,1111
secrecy,10,1112
advice,10,1113
sunk,10,1114
hurt,10,1115
beau,10,1116
valley,10,1117
lucky,10,1118
Oxford,10,1119
stood,10,1120
justify,10,1121
submit,10,1122
choice,10,1123
absolutely,10,1124
reasonably,10,1125
language,10,1126
Harris,10,1127
notion,10,1128
settle,10,1129
wholly,10,1130
offered,10,1131
absence,10,1132
sentiments,10,1133
generally,10,1134
admire,10,1135
lips,10,1136
following,10,1137
urged,10,1138
Mamma,10,1139
mistake,10,1140
readily,10,1141
third,10,1142
borne,10,1143
God,10,1144
concealed,9,1145
humoured,9,1146
maid,9,1147
attempting,9,1148
actions,9,1149
beaux,9,1150
motive,9,1151
watched,9,1152
service,9,1153
intentions,9,1154
doubted,9,1155
chair,9,1156
delicate,9,1157
dine,9,1158
slight,9,1159
Are,9,1160
listened,9,1161
close,9,1162
abroad,9,1163
sides,9,1164
introduced,9,1165
quit,9,1166
resist,9,1167
learn,9,1168
unpleasant,9,1169
hers,9,1170
About,9,1171
Doctor,9,1172
moved,9,1173
telling,9,1174
active,9,1175
sort,9,1176
direct,9,1177
plainly,9,1178
ran,9,1179
servants,9,1180
property,9,1181
uneasiness,9,1182
distant,9,1183
fit,9,1184
struck,9,1185
Who,9,1186
confined,9,1187
hard,9,1188
around,9,1189
satisfy,9,1190
believing,9,1191
separation,9,1192
odd,9,1193
guess,9,1194
Sussex,9,1195
seat,9,1196
matters,9,1197
described,9,1198
shocking,9,1199
produce,9,1200
convince,9,1201
reserve,9,1202
bestow,9,1203
frequent,9,1204
desirous,9,1205
result,9,1206
Has,9,1207
depended,9,1208
complexion,9,1209
clear,9,1210
arose,9,1211
advanced,9,1212
ended,9,1213
agreed,9,1214
merits,9,1215
abilities,9,1216
sufficient,9,1217
Pratt,9,1218
pay,9,1219
softened,9,1220
determine,9,1221
today,9,1222
observe,9,1223
spot,9,1224
charge,9,1225
laid,9,1226
conscious,9,1227
started,9,1228
Some,9,1229
solitude,8,1230
shew,8,1231
prudence,8,1232
stop,8,1233
possibly,8,1234
venture,8,1235
instant,8,1236
triumph,8,1237
catching,8,1238
completely,8,1239
similar,8,1240
number,8,1241
pass,8,1242
supply,8,1243
message,8,1244
explain,8,1245
conceal,8,1246
fix,8,1247
effort,8,1248
attentions,8,1249
alike,8,1250
sincerely,8,1251
Whatever,8,1252
comes,8,1253
cards,8,1254
sincerity,8,1255
shame,8,1256
visitor,8,1257
perfect,8,1258
hurry,8,1259
horse,8,1260
listening,8,1261
safely,8,1262
parsonage,8,1263
carrying,8,1264
offended,8,1265
setting,8,1266
reward,8,1267
positive,8,1268
recovery,8,1269
nearly,8,1270
calmly,8,1271
pardon,8,1272
visited,8,1273
measure,8,1274
assertion,8,1275
mere,8,1276
gentle,8,1277
persuade,8,1278
credit,8,1279
belonging,8,1280
pride,8,1281
impatient,8,1282
morrow,8,1283
book,8,1284
reflect,8,1285
Tell,8,1286
excess,8,1287
watching,8,1288
success,8,1289
deserve,8,1290
laughing,8,1291
proceeded,8,1292
concerns,8,1293
bred,8,1294
England,8,1295
leaning,8,1296
cruel,8,1297
totally,8,1298
observing,8,1299
Eliza,8,1300
died,8,1301
affected,8,1302
stronger,8,1303
comprehend,8,1304
held,8,1305
gain,8,1306
suspected,8,1307
whisper,8,1308
presently,8,1309
ashamed,8,1310
occur,8,1311
regarded,8,1312
aye,8,1313
fifty,8,1314
changed,8,1315
dearest,8,1316
getting,8,1317
strongly,8,1318
arranged,8,1319
elegant,8,1320
forgive,8,1321
single,8,1322
deny,8,1323
learnt,8,1324
figure,8,1325
agony,8,1326
existence,8,1327
draw,8,1328
Longstaple,8,1329
escape,8,1330
depend,8,1331
ladyship,8,1332
seeking,8,1333
approve,8,1334
goodness,8,1335
complete,8,1336
advise,8,1337
fair,8,1338
grounds,8,1339
secured,8,1340
road,8,1341
ground,8,1342
rendered,8,1343
trying,8,1344
unlike,8,1345
buy,8,1346
Don,8,1347
enjoy,8,1348
value,8,1349
imagined,8,1350
sentence,8,1351
thinks,8,1352
resentment,8,1353
strength,8,1354
prudent,8,1355
founded,7,1356
droll,7,1357
busy,7,1358
dress,7,1359
dependence,7,1360
improved,7,1361
valued,7,1362
chuse,7,1363
discovered,7,1364
Conduit,7,1365
lives,7,1366
passing,7,1367
readiness,7,1368
domestic,7,1369
partial,7,1370
entreaties,7,1371
discovery,7,1372
idle,7,1373
shocked,7,1374
begged,7,1375
eligible,7,1376
rate,7,1377
Williams,7,1378
size,7,1379
hill,7,1380
honest,7,1381
smiled,7,1382
decided,7,1383
church,7,1384
claim,7,1385
Come,7,1386
paused,7,1387
cut,7,1388
afforded,7,1389
oppressed,7,1390
restless,7,1391
Harry,7,1392
expenses,7,1393
declined,7,1394
coloured,7,1395
avoided,7,1396
Our,7,1397
chiefly,7,1398
preference,7,1399
lessen,7,1400
prove,7,1401
walks,7,1402
Aye,7,1403
provided,7,1404
tolerably,7,1405
liked,7,1406
departure,7,1407
elsewhere,7,1408
invariably,7,1409
habit,7,1410
hint,7,1411
tempt,7,1412
show,7,1413
Could,7,1414
patience,7,1415
belief,7,1416
poverty,7,1417
owe,7,1418
inclined,7,1419
lead,7,1420
speedily,7,1421
chief,7,1422
blow,7,1423
owed,7,1424
nearer,7,1425
friendly,7,1426
winter,7,1427
paper,7,1428
source,7,1429
noise,7,1430
arise,7,1431
quarter,7,1432
vast,7,1433
sex,7,1434
dread,7,1435
jealous,7,1436
Dear,7,1437
Nancy,7,1438
altered,7,1439
objections,7,1440
joke,7,1441
hitherto,7,1442
ring,7,1443
effects,7,1444
vain,7,1445
period,7,1446
try,7,1447
across,7,1448
peculiar,7,1449
ridiculous,7,1450
acting,7,1451
impression,7,1452
attentive,7,1453
materially,7,1454
deserved,7,1455
fate,7,1456
entering,7,1457
begun,7,1458
youth,7,1459
bestowed,7,1460
supposing,7,1461
Nay,7,1462
insensible,7,1463
cruelty,7,1464
caution,7,1465
syllable,7,1466
instrument,7,1467
grew,7,1468
instance,7,1469
follow,7,1470
Can,7,1471
ceremony,7,1472
addition,7,1473
happier,7,1474
thanked,7,1475
begin,7,1476
green,7,1477
accepted,7,1478
seriously,7,1479
shop,7,1480
inevitable,7,1481
removing,7,1482
rising,7,1483
guilt,7,1484
nice,7,1485
everybody,7,1486
chose,7,1487
farewell,7,1488
continuing,7,1489
succeeded,7,1490
signify,7,1491
proceed,7,1492
residence,7,1493
liberality,7,1494
shewn,7,1495
chaise,7,1496
lasted,7,1497
animated,7,1498
shortly,7,1499
offices,7,1500
amendment,7,1501
Two,7,1502
personal,7,1503
sufferings,7,1504
distrust,7,1505
shut,7,1506
remove,7,1507
escaped,7,1508
Thomas,7,1509
wealth,7,1510
accepting,6,1511
judge,6,1512
foolish,6,1513
distressed,6,1514
fully,6,1515
contempt,6,1516
beloved,6,1517
suspense,6,1518
tired,6,1519
add,6,1520
wind,6,1521
total,6,1522
build,6,1523
fearful,6,1524
valuable,6,1525
dropped,6,1526
severe,6,1527
thanks,6,1528
divided,6,1529
points,6,1530
marked,6,1531
later,6,1532
forgotten,6,1533
dwelling,6,1534
younger,6,1535
ear,6,1536
assisted,6,1537
appearing,6,1538
gratifying,6,1539
situations,6,1540
downs,6,1541
broke,6,1542
sir,6,1543
rejoiced,6,1544
hopeless,6,1545
betrayed,6,1546
recollect,6,1547
agree,6,1548
wit,6,1549
maintained,6,1550
eighteen,6,1551
needed,6,1552
sorrows,6,1553
declining,6,1554
extent,6,1555
eat,6,1556
trusted,6,1557
justified,6,1558
Pray,6,1559
wine,6,1560
regrets,6,1561
January,6,1562
adopt,6,1563
Anne,6,1564
remarkably,6,1565
school,6,1566
confession,6,1567
raillery,6,1568
wanting,6,1569
nervous,6,1570
punishment,6,1571
performed,6,1572
mark,6,1573
fall,6,1574
reach,6,1575
discretion,6,1576
listen,6,1577
ruin,6,1578
These,6,1579
happiest,6,1580
grown,6,1581
Where,6,1582
takes,6,1583
careful,6,1584
degrees,6,1585
dearer,6,1586
reasons,6,1587
conjecture,6,1588
Remember,6,1589
action,6,1590
reading,6,1591
promote,6,1592
previously,6,1593
unjust,6,1594
bound,6,1595
willing,6,1596
pretend,6,1597
Whitwell,6,1598
sought,6,1599
submitted,6,1600
scheme,6,1601
amongst,6,1602
patient,6,1603
engaging,6,1604
passage,6,1605
admit,6,1606
pocket,6,1607
generosity,6,1608
pained,6,1609
luckily,6,1610
convincing,6,1611
Gray,6,1612
stopt,6,1613
offend,6,1614
hereafter,6,1615
Plymouth,6,1616
amends,6,1617
press,6,1618
boy,6,1619
ventured,6,1620
unkindness,6,1621
remark,6,1622
liberal,6,1623
preceding,6,1624
principles,6,1625
remarks,6,1626
twelve,6,1627
drive,6,1628
Thank,6,1629
faint,6,1630
designs,6,1631
confusion,6,1632
basket,6,1633
finally,6,1634
motives,6,1635
charms,6,1636
puzzled,6,1637
makes,6,1638
enquire,6,1639
companions,6,1640
proposal,6,1641
missed,6,1642
unceasing,6,1643
Was,6,1644
security,6,1645
bow,6,1646
uncommonly,6,1647
perceiving,6,1648
red,6,1649
fatigue,6,1650
cost,6,1651
fast,6,1652
reception,6,1653
pianoforte,6,1654
Because,6,1655
excited,6,1656
strangers,6,1657
desirable,6,1658
office,6,1659
moreover,6,1660
impatience,6,1661
favourable,6,1662
actually,6,1663
succeeding,6,1664
gaiety,6,1665
compliment,6,1666
intention,6,1667
February,6,1668
Four,6,1669
brief,6,1670
cordiality,6,1671
walls,6,1672
drove,6,1673
describe,6,1674
asking,6,1675
expecting,6,1676
further,6,1677
improving,6,1678
Bartlett,6,1679
connected,6,1680
views,6,1681
endeavour,6,1682
game,6,1683
pursuits,6,1684
startled,5,1685
extended,5,1686
encouraged,5,1687
fault,5,1688
seeming,5,1689
whence,5,1690
Bond,5,1691
tis,5,1692
properly,5,1693
treating,5,1694
blind,5,1695
occasional,5,1696
gate,5,1697
Very,5,1698
admired,5,1699
overcame,5,1700
gentlemen,5,1701
enquiry,5,1702
calculated,5,1703
bye,5,1704
dined,5,1705
roused,5,1706
anger,5,1707
nineteen,5,1708
Dawlish,5,1709
vexed,5,1710
vastly,5,1711
carry,5,1712
spirited,5,1713
opening,5,1714
presented,5,1715
accident,5,1716
warrant,5,1717
maids,5,1718
deficient,5,1719
forlorn,5,1720
run,5,1721
flattery,5,1722
shewing,5,1723
attribute,5,1724
complaint,5,1725
speedy,5,1726
constantly,5,1727
scene,5,1728
delivered,5,1729
paying,5,1730
generous,5,1731
water,5,1732
obligation,5,1733
woods,5,1734
sanguine,5,1735
season,5,1736
guilty,5,1737
entreaty,5,1738
betraying,5,1739
gentleness,5,1740
struggle,5,1741
thorough,5,1742
unkind,5,1743
ignorant,5,1744
features,5,1745
relating,5,1746
exert,5,1747
crying,5,1748
fever,5,1749
filled,5,1750
musical,5,1751
prevailed,5,1752
glance,5,1753
difficult,5,1754
Sometimes,5,1755
entreat,5,1756
promising,5,1757
abode,5,1758
newspaper,5,1759
bent,5,1760
cast,5,1761
conclusion,5,1762
grieving,5,1763
suited,5,1764
persuading,5,1765
conceive,5,1766
exercise,5,1767
blessing,5,1768
travelling,5,1769
weight,5,1770
houses,5,1771
breaking,5,1772
aside,5,1773
advisable,5,1774
whither,5,1775
toothpick,5,1776
deeply,5,1777
land,5,1778
coldness,5,1779
cares,5,1780
schemes,5,1781
saved,5,1782
frank,5,1783
discover,5,1784
dying,5,1785
preparing,5,1786
pointed,5,1787
sold,5,1788
earth,5,1789
line,5,1790
covered,5,1791
repeat,5,1792
tolerable,5,1793
fright,5,1794
events,5,1795
enable,5,1796
integrity,5,1797
attach,5,1798
silently,5,1799
submission,5,1800
doubts,5,1801
blushed,5,1802
Only,5,1803
lasting,5,1804
play,5,1805
summer,5,1806
reverie,5,1807
hysterics,5,1808
checked,5,1809
sink,5,1810
excessive,5,1811
risk,5,1812
flattering,5,1813
denied,5,1814
narrow,5,1815
constancy,5,1816
urgent,5,1817
accounts,5,1818
parent,5,1819
languid,5,1820
remembered,5,1821
clever,5,1822
purposely,5,1823
goes,5,1824
shyness,5,1825
injustice,5,1826
standing,5,1827
breach,5,1828
nurse,5,1829
white,5,1830
occasioned,5,1831
suspicions,5,1832
flattered,5,1833
forte,5,1834
urge,5,1835
falsehood,5,1836
repetition,5,1837
disturb,5,1838
exposed,5,1839
Donavan,5,1840
enquiries,5,1841
touch,5,1842
disgrace,5,1843
fashion,5,1844
justly,5,1845
hesitation,5,1846
formerly,5,1847
also,5,1848
sprung,5,1849
usually,5,1850
noisy,5,1851
travelled,5,1852
principle,5,1853
wondering,5,1854
openness,5,1855
disposal,5,1856
torture,5,1857
Never,5,1858
regretting,5,1859
although,5,1860
middle,5,1861
cease,5,1862
faith,5,1863
inform,5,1864
piano,5,1865
Buildings,5,1866
inquire,5,1867
offering,5,1868
rapid,5,1869
eloquence,5,1870
sons,5,1871
raptures,5,1872
bless,5,1873
loves,5,1874
Jenning,5,1875
reproof,5,1876
harm,5,1877
stupid,5,1878
inviting,5,1879
temptation,5,1880
prevail,5,1881
involved,5,1882
spring,5,1883
thank,5,1884
growing,5,1885
imputed,5,1886
symptom,5,1887
loud,5,1888
breeding,5,1889
steady,5,1890
shock,5,1891
frightened,5,1892
seventeen,5,1893
ordinary,5,1894
trifling,5,1895
Another,5,1896
collected,5,1897
disturbed,5,1898
unknown,5,1899
fitted,5,1900
parts,5,1901
gravity,5,1902
induced,5,1903
demands,5,1904
slightly,5,1905
dressing,5,1906
witnessed,5,1907
hanging,5,1908
desired,5,1909
reserved,5,1910
admitted,5,1911
dismissed,5,1912
blame,5,1913
expensive,5,1914
witness,5,1915
dancing,5,1916
passion,5,1917
exchange,5,1918
privilege,5,1919
scruple,5,1920
increasing,5,1921
thankful,5,1922
preserved,5,1923
guided,5,1924
misfortune,5,1925
tall,5,1926
working,5,1927
firmness,5,1928
felicity,5,1929
rooms,5,1930
wound,5,1931
sympathy,5,1932
introduce,5,1933
rational,5,1934
treatment,5,1935
claims,5,1936
sound,5,1937
questions,5,1938
front,5,1939
trees,5,1940
deep,5,1941
announce,5,1942
widow,5,1943
treat,5,1944
rapidity,4,1945
forming,4,1946
apartment,4,1947
gift,4,1948
simplicity,4,1949
sacrifice,4,1950
highest,4,1951
sharing,4,1952
contained,4,1953
nearest,4,1954
lovers,4,1955
mix,4,1956
civilities,4,1957
rap,4,1958
characters,4,1959
method,4,1960
moderate,4,1961
defend,4,1962
perplexity,4,1963
hasty,4,1964
divide,4,1965
powers,4,1966
elevated,4,1967
height,4,1968
deceitful,4,1969
thoughtful,4,1970
enjoyed,4,1971
genius,4,1972
fifteen,4,1973
consented,4,1974
approach,4,1975
inquired,4,1976
shook,4,1977
offending,4,1978
lesser,4,1979
Elliott,4,1980
truly,4,1981
served,4,1982
guessed,4,1983
implied,4,1984
notes,4,1985
invariable,4,1986
pitiable,4,1987
practice,4,1988
advised,4,1989
mirth,4,1990
sentiment,4,1991
annuities,4,1992
awakened,4,1993
watch,4,1994
encourage,4,1995
putting,4,1996
conducted,4,1997
bowed,4,1998
plans,4,1999
husbands,4,2000
subjects,4,2001
unreserve,4,2002
scenes,4,2003
energy,4,2004
numerous,4,2005
resembled,4,2006
likes,4,2007
pointer,4,2008
expedient,4,2009
senses,4,2010
defer,4,2011
Shall,4,2012
sly,4,2013
withdrew,4,2014
terrible,4,2015
exultation,4,2016
courage,4,2017
unless,4,2018
personally,4,2019
reverse,4,2020
moving,4,2021
vexation,4,2022
annuity,4,2023
contented,4,2024
visits,4,2025
mentioning,4,2026
indulged,4,2027
daily,4,2028
Betty,4,2029
screens,4,2030
situated,4,2031
tree,4,2032
honestly,4,2033
forcing,4,2034
taught,4,2035
dependent,4,2036
clothes,4,2037
peace,4,2038
relative,4,2039
authority,4,2040
contents,4,2041
composed,4,2042
gracious,4,2043
satisfying,4,2044
driving,4,2045
unworthy,4,2046
fettered,4,2047
Something,4,2048
dignity,4,2049
Beyond,4,2050
finest,4,2051
absurdity,4,2052
hung,4,2053
infinitely,4,2054
failed,4,2055
relieved,4,2056
report,4,2057
horror,4,2058
pursuit,4,2059
despair,4,2060
ears,4,2061
measures,4,2062
proofs,4,2063
tenderly,4,2064
May,4,2065
earliest,4,2066
foresee,4,2067
carriages,4,2068
twisted,4,2069
month,4,2070
extreme,4,2071
error,4,2072
pronounced,4,2073
outward,4,2074
intimately,4,2075
announced,4,2076
duties,4,2077
Heaven,4,2078
reconciled,4,2079
separate,4,2080
honourable,4,2081
throw,4,2082
deficiency,4,2083
curacy,4,2084
devoted,4,2085
rubber,4,2086
soothe,4,2087
incapable,4,2088
shy,4,2089
detain,4,2090
tendency,4,2091
estimation,4,2092
exquisite,4,2093
pitied,4,2094
provision,4,2095
firmly,4,2096
promoting,4,2097
visiting,4,2098
unwelcome,4,2099
distresses,4,2100
travel,4,2101
insisted,4,2102
hoping,4,2103
wisest,4,2104
building,4,2105
addressing,4,2106
benefit,4,2107
horrid,4,2108
uneasy,4,2109
indisposed,4,2110
acquit,4,2111
check,4,2112
displeased,4,2113
delayed,4,2114
turns,4,2115
sky,4,2116
idleness,4,2117
severely,4,2118
tete,4,2119
procure,4,2120
mansion,4,2121
sick,4,2122
arms,4,2123
unexpected,4,2124
snug,4,2125
overlook,4,2126
curricle,4,2127
attendance,4,2128
interval,4,2129
talents,4,2130
anxiously,4,2131
street,4,2132
Parsonage,4,2133
experience,4,2134
acted,4,2135
procuring,4,2136
Happy,4,2137
misconduct,4,2138
sighed,4,2139
insipidity,4,2140
spreading,4,2141
born,4,2142
despatch,4,2143
arguments,4,2144
jokes,4,2145
remains,4,2146
sweetness,4,2147
violence,4,2148
pausing,4,2149
commission,4,2150
proportion,4,2151
polite,4,2152
drawings,4,2153
quietly,4,2154
pursuing,4,2155
behave,4,2156
fortunate,4,2157
regular,4,2158
quitting,4,2159
coach,4,2160
affairs,4,2161
neglect,4,2162
diverted,4,2163
weary,4,2164
pains,4,2165
wandering,4,2166
counsel,4,2167
employ,4,2168
rude,4,2169
lovely,4,2170
animation,4,2171
hardened,4,2172
pulse,4,2173
slighted,4,2174
accompany,4,2175
assent,4,2176
happily,4,2177
purchase,4,2178
dreaded,4,2179
Michaelmas,4,2180
genuine,4,2181
board,4,2182
guest,4,2183
works,4,2184
conquest,4,2185
allowance,4,2186
bid,4,2187
indulgence,4,2188
continue,4,2189
improve,4,2190
oppose,4,2191
needless,4,2192
merry,4,2193
governed,4,2194
excursion,4,2195
lie,4,2196
plain,4,2197
suggest,4,2198
shewed,4,2199
ride,4,2200
wild,4,2201
deceive,4,2202
sell,4,2203
boys,4,2204
song,4,2205
Careys,4,2206
forty,4,2207
timed,4,2208
directed,4,2209
tricks,4,2210
unanimous,4,2211
raises,4,2212
principal,4,2213
flatter,4,2214
dropt,4,2215
varying,4,2216
examining,4,2217
suggested,4,2218
driven,4,2219
weakness,4,2220
examine,4,2221
bore,4,2222
winding,4,2223
comforts,4,2224
county,4,2225
gratefully,4,2226
forms,4,2227
doubtful,4,2228
elder,4,2229
release,4,2230
abhorrence,4,2231
dispose,4,2232
tranquil,4,2233
sang,4,2234
incumbent,4,2235
romantic,4,2236
throwing,4,2237
discussion,4,2238
dirty,4,2239
fulfilled,4,2240
dead,4,2241
prodigious,4,2242
Will,4,2243
amount,4,2244
genteel,4,2245
additional,4,2246
collect,4,2247
prospects,4,2248
Should,4,2249
Even,4,2250
earlier,4,2251
provoke,4,2252
human,4,2253
youngest,4,2254
colouring,4,2255
pair,4,2256
rival,4,2257
amuse,4,2258
supper,4,2259
foundation,4,2260
china,4,2261
concealing,4,2262
falling,4,2263
testimony,4,2264
noble,4,2265
robbed,4,2266
welfare,4,2267
decision,4,2268
honoured,4,2269
proposed,4,2270
Again,4,2271
inferior,4,2272
attributed,4,2273
rapturous,4,2274
ruined,4,2275
reminded,4,2276
respecting,4,2277
beauties,4,2278
attitude,4,2279
begging,4,2280
apparently,4,2281
neck,4,2282
suspecting,4,2283
Cowper,4,2284
devil,4,2285
mile,4,2286
lose,4,2287
fondly,4,2288
sickly,4,2289
graceful,4,2290
decide,4,2291
madam,4,2292
humility,4,2293
repair,4,2294
lowering,4,2295
announcing,4,2296
certainty,4,2297
fail,4,2298
carefully,4,2299
attaching,4,2300
riches,4,2301
consequent,3,2302
alarmed,3,2303
discharge,3,2304
repeatedly,3,2305
deprive,3,2306
Ellison,3,2307
inquiring,3,2308
ability,3,2309
diffident,3,2310
finish,3,2311
unfit,3,2312
imprudent,3,2313
posture,3,2314
Much,3,2315
William,3,2316
placing,3,2317
meditation,3,2318
dressed,3,2319
cases,3,2320
strongest,3,2321
fool,3,2322
manly,3,2323
malice,3,2324
ridicule,3,2325
knees,3,2326
busily,3,2327
Surely,3,2328
ensured,3,2329
angel,3,2330
court,3,2331
unfairly,3,2332
resolute,3,2333
throat,3,2334
reality,3,2335
relate,3,2336
admires,3,2337
hunters,3,2338
yourselves,3,2339
stone,3,2340
rise,3,2341
expressing,3,2342
hastened,3,2343
concluding,3,2344
false,3,2345
solemnity,3,2346
alluded,3,2347
oppression,3,2348
rapidly,3,2349
admitting,3,2350
East,3,2351
exciting,3,2352
existed,3,2353
sharp,3,2354
dangerous,3,2355
indulge,3,2356
series,3,2357
unthought,3,2358
horseback,3,2359
rob,3,2360
pitying,3,2361
bachelor,3,2362
playing,3,2363
boast,3,2364
ecstasy,3,2365
pursued,3,2366
originated,3,2367
argument,3,2368
shed,3,2369
fingers,3,2370
gloomy,3,2371
attracted,3,2372
rouse,3,2373
yearly,3,2374
errand,3,2375
candid,3,2376
extensive,3,2377
fetch,3,2378
succession,3,2379
guineas,3,2380
trace,3,2381
sensations,3,2382
supplied,3,2383
wounding,3,2384
resolving,3,2385
denial,3,2386
papers,3,2387
nephew,3,2388
rousing,3,2389
secretly,3,2390
rank,3,2391
dry,3,2392
convenient,3,2393
acceptance,3,2394
Gardens,3,2395
refused,3,2396
kissed,3,2397
abuse,3,2398
unaffected,3,2399
laughter,3,2400
declaring,3,2401
endure,3,2402
smallness,3,2403
rejoice,3,2404
bestowing,3,2405
wherever,3,2406
defect,3,2407
screams,3,2408
fulfill,3,2409
conveyed,3,2410
aches,3,2411
occasions,3,2412
serve,3,2413
banished,3,2414
steep,3,2415
choose,3,2416
whispered,3,2417
flow,3,2418
insolence,3,2419
coxcomb,3,2420
move,3,2421
catch,3,2422
complain,3,2423
arm,3,2424
lines,3,2425
defence,3,2426
created,3,2427
confessed,3,2428
praised,3,2429
approached,3,2430
doctrine,3,2431
vacant,3,2432
rent,3,2433
departed,3,2434
chusing,3,2435
feet,3,2436
recovering,3,2437
feverish,3,2438
habits,3,2439
sleepless,3,2440
linen,3,2441
aid,3,2442
pressing,3,2443
nicest,3,2444
drink,3,2445
Westons,3,2446
fashioned,3,2447
dividing,3,2448
balls,3,2449
detest,3,2450
heightened,3,2451
regarding,3,2452
Would,3,2453
sadly,3,2454
Cottage,3,2455
previous,3,2456
decay,3,2457
dissuade,3,2458
exertions,3,2459
Look,3,2460
rupture,3,2461
payment,3,2462
strictly,3,2463
bloom,3,2464
seldom,3,2465
effusion,3,2466
injury,3,2467
asleep,3,2468
corner,3,2469
sun,3,2470
narration,3,2471
dreadfully,3,2472
resisted,3,2473
slow,3,2474
rejoicing,3,2475
dignified,3,2476
conceit,3,2477
closed,3,2478
Nobody,3,2479
released,3,2480
legal,3,2481
running,3,2482
longed,3,2483
reduced,3,2484
lying,3,2485
grand,3,2486
indignant,3,2487
affect,3,2488
screen,3,2489
rewarded,3,2490
eating,3,2491
affecting,3,2492
torn,3,2493
demand,3,2494
studied,3,2495
somewhat,3,2496
prevailing,3,2497
worst,3,2498
restraint,3,2499
worthless,3,2500
steadiness,3,2501
vulgar,3,2502
separated,3,2503
cap,3,2504
outweigh,3,2505
talks,3,2506
wise,3,2507
guests,3,2508
rained,3,2509
obtained,3,2510
avoiding,3,2511
drinking,3,2512
indulging,3,2513
sad,3,2514
fortunes,3,2515
plenty,3,2516
sportsman,3,2517
colonel,3,2518
study,3,2519
lavender,3,2520
requested,3,2521
exceeding,3,2522
luck,3,2523
regretted,3,2524
slightest,3,2525
avail,3,2526
tonight,3,2527
acceptable,3,2528
stepping,3,2529
deeper,3,2530
perform,3,2531
gladly,3,2532
neighbour,3,2533
temporary,3,2534
progress,3,2535
hate,3,2536
expressive,3,2537
frost,3,2538
intervals,3,2539
wildly,3,2540
productive,3,2541
discontent,3,2542
destroyed,3,2543
absolute,3,2544
scolded,3,2545
frankness,3,2546
blessed,3,2547
Henry,3,2548
benefited,3,2549
soothing,3,2550
timber,3,2551
unlikely,3,2552
household,3,2553
liking,3,2554
solitary,3,2555
niece,3,2556
writes,3,2557
painted,3,2558
wandered,3,2559
wonderful,3,2560
ordained,3,2561
amply,3,2562
exist,3,2563
safety,3,2564
weakened,3,2565
heaven,3,2566
suitable,3,2567
ate,3,2568
protection,3,2569
display,3,2570
modern,3,2571
contrived,3,2572
represent,3,2573
stirring,3,2574
lot,3,2575
coolness,3,2576
wept,3,2577
counteract,3,2578
March,3,2579
decent,3,2580
trial,3,2581
amused,3,2582
mildness,3,2583
careless,3,2584
blamable,3,2585
wants,3,2586
awkward,3,2587
prepare,3,2588
print,3,2589
advantages,3,2590
faulty,3,2591
notions,3,2592
cunning,3,2593
order,3,2594
heavens,3,2595
writer,3,2596
absent,3,2597
displayed,3,2598
depends,3,2599
cheeks,3,2600
engrossed,3,2601
quarrel,3,2602
charm,3,2603
subdued,3,2604
memory,3,2605
require,3,2606
contrast,3,2607
confident,3,2608
example,3,2609
confirm,3,2610
learned,3,2611
glass,3,2612
indulgent,3,2613
Nor,3,2614
debating,3,2615
windows,3,2616
farm,3,2617
wet,3,2618
pang,3,2619
welcomed,3,2620
library,3,2621
settling,3,2622
terror,3,2623
landscape,3,2624
pure,3,2625
built,3,2626
affording,3,2627
skin,3,2628
filigree,3,2629
unfeeling,3,2630
temple,3,2631
gaining,3,2632
outlived,3,2633
rid,3,2634
aloud,3,2635
lower,3,2636
sacrificed,3,2637
becoming,3,2638
violently,3,2639
recalled,3,2640
advance,3,2641
stubborn,3,2642
families,3,2643
Twice,3,2644
pen,3,2645
provoking,3,2646
chamber,3,2647
thither,3,2648
erred,3,2649
awful,3,2650
clouds,3,2651
inevitably,3,2652
shan,3,2653
dictate,3,2654
gravely,3,2655
hesitated,3,2656
baby,3,2657
fancying,3,2658
leading,3,2659
attack,3,2660
fixing,3,2661
formality,3,2662
conversed,3,2663
elderly,3,2664
cleared,3,2665
creatures,3,2666
somehow,3,2667
offspring,3,2668
seek,3,2669
unlucky,3,2670
bold,3,2671
respected,3,2672
impulse,3,2673
sportsmen,3,2674
unconcern,3,2675
Let,3,2676
requires,3,2677
earned,3,2678
unluckily,3,2679
lengthened,3,2680
freedom,3,2681
checking,3,2682
pronounce,3,2683
thence,3,2684
mothers,3,2685
nay,3,2686
solid,3,2687
excused,3,2688
roof,3,2689
tame,3,2690
rascal,3,2691
repeating,3,2692
obtain,3,2693
reviving,3,2694
respects,3,2695
wood,3,2696
disgusted,3,2697
scissors,3,2698
lest,3,2699
Annamaria,3,2700
beheld,3,2701
imaginary,3,2702
applied,3,2703
enabled,3,2704
fervent,3,2705
topic,3,2706
consoled,3,2707
prompted,3,2708
precious,3,2709
admiring,3,2710
gravel,3,2711
suspended,3,2712
dejection,3,2713
shared,3,2714
mouth,3,2715
securing,3,2716
shade,3,2717
intending,3,2718
modesty,3,2719
parish,3,2720
doors,3,2721
Madam,3,2722
crime,3,2723
compliance,3,2724
faultless,3,2725
wretchedly,3,2726
apothecary,3,2727
attraction,3,2728
wicked,3,2729
profess,3,2730
surely,3,2731
enjoying,3,2732
confirming,3,2733
Like,3,2734
task,3,2735
recall,3,2736
somebody,3,2737
laying,3,2738
authorised,3,2739
ardour,3,2740
flannel,3,2741
quickly,3,2742
Thursday,3,2743
hints,3,2744
clearly,3,2745
crowd,3,2746
atonement,3,2747
stretched,3,2748
yards,3,2749
unwell,3,2750
complained,3,2751
opposed,3,2752
plate,3,2753
abruptly,3,2754
threw,3,2755
compare,3,2756
conversing,3,2757
relieve,3,2758
humble,3,2759
neighbours,3,2760
attract,3,2761
faults,3,2762
chanced,3,2763
firm,3,2764
leaves,3,2765
Long,3,2766
desperate,3,2767
chat,3,2768
judging,3,2769
afternoon,3,2770
Towards,3,2771
intrusion,3,2772
deprived,3,2773
October,3,2774
addressed,3,2775
humanity,3,2776
competence,3,2777
pre,3,2778
horrible,3,2779
pleasantly,3,2780
revealed,3,2781
evidently,3,2782
variation,3,2783
bustle,3,2784
approved,3,2785
Tuesday,3,2786
Stanhill,3,2787
converse,3,2788
prettily,3,2789
Before,3,2790
affluence,3,2791
meanness,3,2792
lodgings,3,2793
disliking,3,2794
plagued,2,2795
tenderest,2,2796
handsomer,2,2797
joyful,2,2798
dissipated,2,2799
Courtland,2,2800
spiritless,2,2801
privately,2,2802
Taylor,2,2803
reprimand,2,2804
Fifty,2,2805
affront,2,2806
travellers,2,2807
ungracious,2,2808
simply,2,2809
poultry,2,2810
chariot,2,2811
render,2,2812
painting,2,2813
respectful,2,2814
tended,2,2815
sport,2,2816
hardship,2,2817
sentences,2,2818
centre,2,2819
assented,2,2820
foot,2,2821
hence,2,2822
larger,2,2823
starting,2,2824
evenings,2,2825
observant,2,2826
speaks,2,2827
bottom,2,2828
cry,2,2829
shot,2,2830
invented,2,2831
unpleasing,2,2832
greatness,2,2833
disliked,2,2834
Christian,2,2835
breath,2,2836
silly,2,2837
attainable,2,2838
preferment,2,2839
Hanover,2,2840
vivacity,2,2841
blood,2,2842
silenced,2,2843
Christmas,2,2844
Most,2,2845
Scott,2,2846
retirement,2,2847
relied,2,2848
audible,2,2849
incurring,2,2850
article,2,2851
shrubbery,2,2852
negligence,2,2853
helping,2,2854
secrets,2,2855
acuteness,2,2856
scold,2,2857
nights,2,2858
withstood,2,2859
gaily,2,2860
unsuitable,2,2861
conclude,2,2862
conveying,2,2863
hat,2,2864
repent,2,2865
relying,2,2866
repose,2,2867
Wait,2,2868
revive,2,2869
anguish,2,2870
ungenerous,2,2871
jointure,2,2872
folded,2,2873
ugly,2,2874
furnished,2,2875
infer,2,2876
strict,2,2877
worldly,2,2878
projecting,2,2879
carpet,2,2880
requisite,2,2881
gun,2,2882
sadness,2,2883
interrupt,2,2884
saucy,2,2885
legacy,2,2886
grace,2,2887
trifled,2,2888
providing,2,2889
pace,2,2890
esteems,2,2891
orator,2,2892
allowing,2,2893
reside,2,2894
despise,2,2895
maternal,2,2896
effusions,2,2897
matrimony,2,2898
slowly,2,2899
sweetest,2,2900
familiarly,2,2901
compound,2,2902
nerves,2,2903
suit,2,2904
owner,2,2905
recent,2,2906
imaginable,2,2907
nobly,2,2908
discompose,2,2909
uncheerful,2,2910
marriages,2,2911
complaints,2,2912
imperfect,2,2913
starved,2,2914
deviation,2,2915
kiss,2,2916
flower,2,2917
flutter,2,2918
quietness,2,2919
services,2,2920
showed,2,2921
Avignon,2,2922
avarice,2,2923
firmer,2,2924
Excuse,2,2925
deference,2,2926
uncommon,2,2927
stayed,2,2928
Indies,2,2929
strike,2,2930
decorum,2,2931
illiterate,2,2932
lit,2,2933
aimed,2,2934
Amongst,2,2935
conquests,2,2936
lane,2,2937
screamed,2,2938
putrid,2,2939
doted,2,2940
indication,2,2941
jealousies,2,2942
courting,2,2943
forgave,2,2944
permitted,2,2945
gum,2,2946
Between,2,2947
injuries,2,2948
zealous,2,2949
ascertain,2,2950
exact,2,2951
privacy,2,2952
inforced,2,2953
favourites,2,2954
ends,2,2955
disgust,2,2956
owned,2,2957
atmosphere,2,2958
noticed,2,2959
Among,2,2960
grieved,2,2961
gentility,2,2962
rambles,2,2963
leaf,2,2964
Mama,2,2965
staircase,2,2966
brow,2,2967
stockings,2,2968
correct,2,2969
sign,2,2970
resigned,2,2971
exerted,2,2972
undecided,2,2973
imagining,2,2974
joyfully,2,2975
resolutely,2,2976
mortified,2,2977
arisen,2,2978
affable,2,2979
yew,2,2980
prescribed,2,2981
Five,2,2982
surrounded,2,2983
rapture,2,2984
resistance,2,2985
restrained,2,2986
pale,2,2987
inhabit,2,2988
tongue,2,2989
advances,2,2990
steps,2,2991
zeal,2,2992
forfeit,2,2993
Instead,2,2994
occupied,2,2995
combat,2,2996
cross,2,2997
alacrity,2,2998
mode,2,2999
granted,2,3000
feelingly,2,3001
rested,2,3002
bewitching,2,3003
inducement,2,3004
enthusiasm,2,3005
attempts,2,3006
penny,2,3007
fatigued,2,3008
depending,2,3009
tedious,2,3010
admittance,2,3011
cheated,2,3012
affability,2,3013
smaller,2,3014
floor,2,3015
anew,2,3016
Sure,2,3017
harmony,2,3018
Really,2,3019
lessened,2,3020
follows,2,3021
scoundrel,2,3022
revenge,2,3023
various,2,3024
weaken,2,3025
concerning,2,3026
cure,2,3027
autumn,2,3028
effectual,2,3029
barbarous,2,3030
cows,2,3031
nicety,2,3032
judgments,2,3033
protege,2,3034
possess,2,3035
Few,2,3036
tending,2,3037
dinners,2,3038
wanton,2,3039
recommend,2,3040
impetuous,2,3041
withhold,2,3042
injunction,2,3043
descend,2,3044
joint,2,3045
answering,2,3046
dashing,2,3047
satirical,2,3048
quarters,2,3049
gown,2,3050
Were,2,3051
sagacity,2,3052
endless,2,3053
ineligible,2,3054
ancient,2,3055
tells,2,3056
indecision,2,3057
heavily,2,3058
restore,2,3059
noon,2,3060
voices,2,3061
censured,2,3062
interview,2,3063
covert,2,3064
Whom,2,3065
managed,2,3066
agonies,2,3067
phrase,2,3068
atone,2,3069
dried,2,3070
sketch,2,3071
ungrateful,2,3072
measuring,2,3073
viewing,2,3074
commonest,2,3075
ways,2,3076
estimating,2,3077
using,2,3078
courted,2,3079
rectory,2,3080
fetching,2,3081
shoes,2,3082
Forgive,2,3083
quicker,2,3084
dismounted,2,3085
liable,2,3086
inn,2,3087
Reserved,2,3088
soft,2,3089
easier,2,3090
trifle,2,3091
species,2,3092
dimensions,2,3093
kill,2,3094
art,2,3095
spread,2,3096
apartments,2,3097
wealthy,2,3098
guard,2,3099
subdue,2,3100
planning,2,3101
haste,2,3102
unkindly,2,3103
smiles,2,3104
vigorous,2,3105
whist,2,3106
falls,2,3107
irritated,2,3108
wildness,2,3109
subjection,2,3110
insolent,2,3111
performers,2,3112
issued,2,3113
unwounded,2,3114
twilight,2,3115
animating,2,3116
fallen,2,3117
protest,2,3118
prejudiced,2,3119
bide,2,3120
debt,2,3121
esteemed,2,3122
sighted,2,3123
straight,2,3124
arranging,2,3125
unnatural,2,3126
troubles,2,3127
teach,2,3128
villain,2,3129
hot,2,3130
voluntary,2,3131
Davies,2,3132
medicines,2,3133
kitchen,2,3134
additions,2,3135
smooth,2,3136
learning,2,3137
housemaid,2,3138
seats,2,3139
cautious,2,3140
contenting,2,3141
advancing,2,3142
Grecian,2,3143
blessings,2,3144
appetite,2,3145
contracted,2,3146
feed,2,3147
slept,2,3148
horrors,2,3149
uniting,2,3150
agreement,2,3151
goodwill,2,3152
names,2,3153
stage,2,3154
strikingly,2,3155
Monday,2,3156
crimsoned,2,3157
arriving,2,3158
circle,2,3159
candour,2,3160
sakes,2,3161
wives,2,3162
lobby,2,3163
deserts,2,3164
Pall,2,3165
according,2,3166
sole,2,3167
Neither,2,3168
ensued,2,3169
expects,2,3170
charity,2,3171
informing,2,3172
essential,2,3173
assigned,2,3174
infirmity,2,3175
attractive,2,3176
flatteries,2,3177
infirm,2,3178
accent,2,3179
affronting,2,3180
formidable,2,3181
altar,2,3182
rejected,2,3183
unreserved,2,3184
declares,2,3185
adieu,2,3186
deserving,2,3187
Last,2,3188
create,2,3189
wisdom,2,3190
attendants,2,3191
solemn,2,3192
assuring,2,3193
reckoned,2,3194
deceiving,2,3195
Scarcely,2,3196
interim,2,3197
frame,2,3198
worried,2,3199
impartial,2,3200
south,2,3201
suggesting,2,3202
detail,2,3203
messenger,2,3204
influenced,2,3205
deed,2,3206
govern,2,3207
interposed,2,3208
raising,2,3209
perpetual,2,3210
sensation,2,3211
diminution,2,3212
Since,2,3213
hated,2,3214
waistcoat,2,3215
useful,2,3216
frugality,2,3217
preferred,2,3218
perfection,2,3219
conference,2,3220
amusements,2,3221
fruit,2,3222
arbour,2,3223
closet,2,3224
aspect,2,3225
undertake,2,3226
beneath,2,3227
severity,2,3228
creditable,2,3229
absurd,2,3230
Honiton,2,3231
While,2,3232
eyeing,2,3233
gloom,2,3234
unchanged,2,3235
carries,2,3236
fourteen,2,3237
doting,2,3238
thin,2,3239
longest,2,3240
miss,2,3241
apparent,2,3242
stable,2,3243
guarding,2,3244
foretold,2,3245
bolder,2,3246
minuter,2,3247
guardian,2,3248
deciding,2,3249
Engaged,2,3250
honesty,2,3251
mixing,2,3252
inspire,2,3253
miniature,2,3254
hackneyed,2,3255
compact,2,3256
square,2,3257
Friday,2,3258
sickness,2,3259
somewhere,2,3260
brings,2,3261
befell,2,3262
vent,2,3263
perplexed,2,3264
seclude,2,3265
damp,2,3266
considers,2,3267
bitter,2,3268
wronged,2,3269
eventually,2,3270
porter,2,3271
High,2,3272
tumbling,2,3273
virtue,2,3274
Take,2,3275
formal,2,3276
staid,2,3277
renewed,2,3278
lingering,2,3279
ordination,2,3280
hinted,2,3281
holidays,2,3282
prohibited,2,3283
shedding,2,3284
hiding,2,3285
lastingly,2,3286
alarming,2,3287
ordered,2,3288
disgusting,2,3289
discharged,2,3290
graces,2,3291
receipt,2,3292
shelter,2,3293
acquitted,2,3294
brown,2,3295
bitterly,2,3296
Kensington,2,3297
attained,2,3298
rationally,2,3299
Sparks,2,3300
truest,2,3301
disregard,2,3302
Mary,2,3303
Ellisons,2,3304
prosperity,2,3305
insipid,2,3306
groom,2,3307
utter,2,3308
kindly,2,3309
feebleness,2,3310
doomed,2,3311
spoil,2,3312
innocence,2,3313
examined,2,3314
Square,2,3315
Depend,2,3316
paragraph,2,3317
possessed,2,3318
artful,2,3319
affectedly,2,3320
colicky,2,3321
excellence,2,3322
Wednesday,2,3323
brilliant,2,3324
envy,2,3325
glowing,2,3326
limits,2,3327
innocent,2,3328
darling,2,3329
mortify,2,3330
strictest,2,3331
merest,2,3332
sixteen,2,3333
enquiring,2,3334
limbs,2,3335
nameless,2,3336
fickle,2,3337
honor,2,3338
limited,2,3339
House,2,3340
midst,2,3341
disappoint,2,3342
establish,2,3343
gazing,2,3344
fill,2,3345
libertine,2,3346
tied,2,3347
succeed,2,3348
Sophia,2,3349
hastening,2,3350
gossip,2,3351
bargain,2,3352
stuff,2,3353
intreat,2,3354
grandeur,2,3355
subsisted,2,3356
fastidious,2,3357
finishing,2,3358
lowered,2,3359
crooked,2,3360
calmer,2,3361
guarded,2,3362
internally,2,3363
showing,2,3364
retained,2,3365
minded,2,3366
mulberry,2,3367
September,2,3368
entreated,2,3369
gradually,2,3370
prior,2,3371
solicitous,2,3372
showery,2,3373
bearing,2,3374
persisted,2,3375
watchful,2,3376
Use,2,3377
obliging,2,3378
enforced,2,3379
easiest,2,3380
Richardson,2,3381
foreseen,2,3382
agitated,2,3383
Without,2,3384
specimen,2,3385
doubting,2,3386
applying,2,3387
incivility,2,3388
pin,2,3389
landing,2,3390
restrain,2,3391
bell,2,3392
step,2,3393
critical,2,3394
consult,2,3395
kindest,2,3396
allowances,2,3397
gout,2,3398
engross,2,3399
purchases,2,3400
mediation,2,3401
urging,2,3402
contend,2,3403
bit,2,3404
defects,2,3405
adorned,2,3406
precisely,2,3407
per,2,3408
pulled,2,3409
entire,2,3410
neglected,2,3411
gratify,2,3412
unusual,2,3413
propensity,2,3414
happens,2,3415
soften,2,3416
surpassing,2,3417
resolve,2,3418
mantel,2,3419
pretence,2,3420
dark,2,3421
youthful,2,3422
linger,2,3423
pointing,2,3424
momentary,2,3425
grievous,2,3426
exultingly,2,3427
motionless,2,3428
promoted,2,3429
abhorred,2,3430
lanes,2,3431
Bath,2,3432
expressly,2,3433
infection,2,3434
narrowly,2,3435
heighten,2,3436
lap,2,3437
rider,2,3438
ailment,2,3439
forbidding,2,3440
summoned,2,3441
hysterical,2,3442
yield,2,3443
vehemence,2,3444
modest,2,3445
retort,2,3446
eyed,2,3447
awake,2,3448
endowed,2,3449
luxury,2,3450
practices,2,3451
glimpse,2,3452
origin,2,3453
drop,2,3454
pour,2,3455
hurrying,2,3456
correspond,2,3457
practise,2,3458
Mall,2,3459
content,2,3460
preserve,2,3461
higher,2,3462
wore,2,3463
contrition,2,3464
recurred,2,3465
shoulder,2,3466
consulted,2,3467
illiberal,2,3468
endeavours,2,3469
symptoms,2,3470
pleasures,2,3471
inspection,2,3472
threatened,2,3473
richer,2,3474
preferable,2,3475
flew,2,3476
searched,2,3477
charmed,2,3478
resided,2,3479
authors,2,3480
alter,2,3481
spacious,2,3482
feigned,2,3483
tend,2,3484
recover,2,3485
Does,2,3486
farthest,2,3487
fatigues,2,3488
refuse,2,3489
disapprove,2,3490
uniformly,2,3491
sparkling,2,3492
footman,2,3493
reflecting,2,3494
wear,2,3495
provoked,2,3496
ardent,2,3497
retain,2,3498
trembled,2,3499
overcoming,2,3500
cheerless,2,3501
requiring,2,3502
syllables,2,3503
Many,2,3504
acts,2,3505
insult,2,3506
gold,2,3507
sends,2,3508
aching,2,3509
suspicious,2,3510
tidings,2,3511
played,2,3512
departing,2,3513
dirt,2,3514
morality,2,3515
ascended,2,3516
expose,2,3517
theirs,2,3518
cheek,2,3519
Volume,2,3520
lawn,2,3521
faithfully,2,3522
alive,2,3523
mercy,2,3524
forwards,2,3525
pieces,2,3526
wasted,2,3527
cherished,2,3528
slumber,2,3529
mortifying,2,3530
veracity,2,3531
irritable,2,3532
obligingly,2,3533
confirmed,2,3534
rated,2,3535
intends,2,3536
space,2,3537
shops,2,3538
price,2,3539
barouche,2,3540
disclosing,2,3541
quieted,2,3542
canal,2,3543
answerable,2,3544
ambition,2,3545
trusting,2,3546
calls,2,3547
reluctance,2,3548
deception,2,3549
Consider,2,3550
hindrance,2,3551
sporting,2,3552
ceasing,2,3553
assembled,2,3554
harshly,2,3555
portion,2,3556
visibly,2,3557
jargon,2,3558
stolen,2,3559
cordially,2,3560
Little,2,3561
positively,2,3562
referred,2,3563
commanded,2,3564
coat,2,3565
suffice,2,3566
summits,2,3567
saint,2,3568
grounded,2,3569
Whenever,2,3570
nursing,2,3571
precaution,2,3572
reciprocal,2,3573
bespeak,2,3574
solemnly,2,3575
shoulders,2,3576
neat,2,3577
avowal,2,3578
reproached,2,3579
revived,2,3580
dispirited,2,3581
exterior,2,3582
sources,2,3583
contradict,2,3584
adieus,2,3585
quest,2,3586
adjoining,2,3587
excite,2,3588
condescend,2,3589
indigence,2,3590
penitence,2,3591
handsomest,2,3592
prejudice,2,3593
Other,2,3594
remarkable,2,3595
promises,2,3596
condemned,2,3597
survey,2,3598
allowable,2,3599
ourselves,2,3600
obstacle,2,3601
evils,2,3602
shillings,2,3603
fourth,2,3604
brightness,2,3605
robbing,2,3606
likelihood,2,3607
meditated,2,3608
refusing,2,3609
oblige,2,3610
meetings,2,3611
worn,2,3612
tithes,2,3613
cottages,2,3614
weak,2,3615
forenoon,2,3616
derived,2,3617
Know,2,3618
handed,2,3619
sobs,2,3620
stout,2,3621
seating,2,3622
extremity,2,3623
moderation,2,3624
copy,2,3625
repentance,2,3626
salutation,2,3627
grieve,2,3628
Believe,2,3629
insured,2,3630
needle,2,3631
recital,2,3632
dwelt,2,3633
confused,2,3634
peculiarly,2,3635
hollow,2,3636
consistent,2,3637
tiled,1,3638
Sit,1,3639
guardians,1,3640
election,1,3641
oldest,1,3642
uniform,1,3643
punish,1,3644
paleness,1,3645
obstinacy,1,3646
Easter,1,3647
perusal,1,3648
detested,1,3649
struggling,1,3650
demure,1,3651
assemblies,1,3652
seclusion,1,3653
define,1,3654
invent,1,3655
Master,1,3656
delirium,1,3657
Affecting,1,3658
uncordial,1,3659
outdone,1,3660
intimated,1,3661
resorted,1,3662
bowing,1,3663
obstinate,1,3664
coffee,1,3665
equality,1,3666
draws,1,3667
bulk,1,3668
doubly,1,3669
evidence,1,3670
surpassed,1,3671
pique,1,3672
supports,1,3673
estimate,1,3674
scorning,1,3675
goings,1,3676
drift,1,3677
remainder,1,3678
forbidden,1,3679
saloon,1,3680
civilly,1,3681
uselessly,1,3682
outwardly,1,3683
jewels,1,3684
vulgarity,1,3685
puts,1,3686
group,1,3687
hang,1,3688
scruples,1,3689
gross,1,3690
beds,1,3691
brightened,1,3692
vex,1,3693
retreat,1,3694
hardening,1,3695
irksome,1,3696
sounds,1,3697
emptiness,1,3698
proclaimed,1,3699
boyish,1,3700
wager,1,3701
dogs,1,3702
closely,1,3703
hardships,1,3704
reparation,1,3705
shift,1,3706
variations,1,3707
revealment,1,3708
ball,1,3709
befalls,1,3710
enjoyments,1,3711
bequest,1,3712
generously,1,3713
foibles,1,3714
withdrawn,1,3715
nodded,1,3716
spurned,1,3717
coats,1,3718
nobleman,1,3719
hazarding,1,3720
eighty,1,3721
irritation,1,3722
novelty,1,3723
poured,1,3724
wrapt,1,3725
dares,1,3726
cherishing,1,3727
moan,1,3728
seconded,1,3729
feebly,1,3730
immoveable,1,3731
Thus,1,3732
reminding,1,3733
humored,1,3734
Hum,1,3735
remembers,1,3736
frequency,1,3737
auditors,1,3738
scrawls,1,3739
unguarded,1,3740
climate,1,3741
survived,1,3742
formally,1,3743
Strange,1,3744
pitch,1,3745
taverns,1,3746
Kingham,1,3747
sacred,1,3748
repulsive,1,3749
divine,1,3750
muttered,1,3751
Hitherto,1,3752
traced,1,3753
annexed,1,3754
carelessly,1,3755
afterward,1,3756
broad,1,3757
rheumatism,1,3758
shorten,1,3759
walnut,1,3760
east,1,3761
Jane,1,3762
woody,1,3763
widen,1,3764
disengaged,1,3765
chimney,1,3766
pasture,1,3767
unamiable,1,3768
assuage,1,3769
circuit,1,3770
pangs,1,3771
horizon,1,3772
admission,1,3773
field,1,3774
Common,1,3775
honours,1,3776
plums,1,3777
seizure,1,3778
Hon,1,3779
dreaming,1,3780
dupe,1,3781
Time,1,3782
Streets,1,3783
sweep,1,3784
ornaments,1,3785
ornament,1,3786
bribing,1,3787
Design,1,3788
pretext,1,3789
detection,1,3790
unsubdued,1,3791
ringing,1,3792
foresight,1,3793
cordial,1,3794
naming,1,3795
blindly,1,3796
tempers,1,3797
violins,1,3798
pardonable,1,3799
bears,1,3800
submissive,1,3801
nuisance,1,3802
eclat,1,3803
station,1,3804
ailments,1,3805
spraining,1,3806
laughs,1,3807
despised,1,3808
subsist,1,3809
infants,1,3810
steepest,1,3811
nominal,1,3812
virtuous,1,3813
expediency,1,3814
kingdom,1,3815
caprice,1,3816
ushered,1,3817
beneficial,1,3818
gently,1,3819
reproved,1,3820
ones,1,3821
sufferer,1,3822
utterance,1,3823
minds,1,3824
bigger,1,3825
hazard,1,3826
Misery,1,3827
tasted,1,3828
tale,1,3829
Offended,1,3830
palanquins,1,3831
beholding,1,3832
bashful,1,3833
preferring,1,3834
sterling,1,3835
trivial,1,3836
infancy,1,3837
indolence,1,3838
indistinct,1,3839
refrain,1,3840
thickly,1,3841
unstudied,1,3842
outraged,1,3843
endurance,1,3844
undressed,1,3845
qualified,1,3846
finger,1,3847
mysterious,1,3848
badness,1,3849
healthy,1,3850
extending,1,3851
streamed,1,3852
pencil,1,3853
subsequent,1,3854
extorting,1,3855
fruitless,1,3856
premises,1,3857
permit,1,3858
cavil,1,3859
surfaces,1,3860
repaired,1,3861
pointers,1,3862
exuberance,1,3863
decisions,1,3864
theme,1,3865
surprising,1,3866
persons,1,3867
ablest,1,3868
motion,1,3869
irritates,1,3870
swelling,1,3871
presume,1,3872
final,1,3873
darker,1,3874
navy,1,3875
owning,1,3876
Somehow,1,3877
pint,1,3878
garret,1,3879
permitting,1,3880
scale,1,3881
restoring,1,3882
edge,1,3883
flaring,1,3884
freeze,1,3885
pry,1,3886
pillow,1,3887
indignity,1,3888
delicacies,1,3889
imparted,1,3890
audacity,1,3891
commonly,1,3892
copying,1,3893
forbore,1,3894
stretch,1,3895
gloominess,1,3896
bliss,1,3897
plantation,1,3898
conciliate,1,3899
alienated,1,3900
argue,1,3901
brush,1,3902
letting,1,3903
extolling,1,3904
negligent,1,3905
compares,1,3906
slighter,1,3907
bright,1,3908
hunted,1,3909
blameable,1,3910
hates,1,3911
blossoms,1,3912
borrowed,1,3913
including,1,3914
shews,1,3915
amidst,1,3916
rivals,1,3917
ending,1,3918
glow,1,3919
unite,1,3920
hardily,1,3921
blackguard,1,3922
piquet,1,3923
acquiesced,1,3924
befall,1,3925
passionate,1,3926
dissolving,1,3927
sheet,1,3928
briefly,1,3929
impolitic,1,3930
invention,1,3931
restraints,1,3932
dullness,1,3933
relics,1,3934
miracle,1,3935
awaken,1,3936
entitled,1,3937
meadows,1,3938
Temple,1,3939
sha,1,3940
styled,1,3941
passages,1,3942
sighing,1,3943
test,1,3944
worthiest,1,3945
exigence,1,3946
extremest,1,3947
inherit,1,3948
sloping,1,3949
duets,1,3950
tribute,1,3951
feeble,1,3952
hearty,1,3953
profited,1,3954
Martha,1,3955
tricking,1,3956
universal,1,3957
gallop,1,3958
Gentleman,1,3959
confusedly,1,3960
apricot,1,3961
endeavors,1,3962
fainter,1,3963
portrait,1,3964
happening,1,3965
scattered,1,3966
cherries,1,3967
mental,1,3968
temperate,1,3969
store,1,3970
unpacked,1,3971
retreated,1,3972
patron,1,3973
dealt,1,3974
tallest,1,3975
decrease,1,3976
whiled,1,3977
nods,1,3978
apologized,1,3979
invalid,1,3980
Laughing,1,3981
indolent,1,3982
loose,1,3983
attendant,1,3984
possessor,1,3985
cordials,1,3986
joining,1,3987
discerning,1,3988
inheriting,1,3989
casement,1,3990
Down,1,3991
brothers,1,3992
noticing,1,3993
illusion,1,3994
surplice,1,3995
preyed,1,3996
irrational,1,3997
confound,1,3998
hazy,1,3999
imminent,1,4000
thrill,1,4001
solidly,1,4002
disorder,1,4003
politics,1,4004
Add,1,4005
individual,1,4006
meals,1,4007
clearing,1,4008
headache,1,4009
sail,1,4010
ours,1,4011
sashes,1,4012
vanish,1,4013
inquietude,1,4014
copied,1,4015
sympathize,1,4016
calming,1,4017
rage,1,4018
shaken,1,4019
Selfish,1,4020
transact,1,4021
lodges,1,4022
undeceive,1,4023
threats,1,4024
caresses,1,4025
chicken,1,4026
stress,1,4027
Court,1,4028
poorly,1,4029
Misses,1,4030
inforce,1,4031
swallow,1,4032
bruised,1,4033
rushing,1,4034
lurking,1,4035
provident,1,4036
scrupling,1,4037
rung,1,4038
scornfully,1,4039
sore,1,4040
excuses,1,4041
closer,1,4042
patterns,1,4043
sweetly,1,4044
Those,1,4045
comments,1,4046
lingered,1,4047
division,1,4048
feminine,1,4049
Parrys,1,4050
finds,1,4051
hating,1,4052
degrade,1,4053
heads,1,4054
political,1,4055
celebrated,1,4056
nine,1,4057
inspired,1,4058
destiny,1,4059
curtsying,1,4060
tract,1,4061
ribbons,1,4062
honorably,1,4063
thorns,1,4064
teazing,1,4065
obey,1,4066
undoubted,1,4067
claimed,1,4068
rooted,1,4069
pinching,1,4070
augment,1,4071
evince,1,4072
Seven,1,4073
Clarke,1,4074
admirable,1,4075
bury,1,4076
appointed,1,4077
relish,1,4078
Opposition,1,4079
tax,1,4080
lifted,1,4081
cautiously,1,4082
liveliness,1,4083
inconstant,1,4084
clogged,1,4085
alleged,1,4086
desiring,1,4087
drops,1,4088
cruelly,1,4089
accidental,1,4090
lies,1,4091
guidance,1,4092
sobered,1,4093
Being,1,4094
undergone,1,4095
banditti,1,4096
asunder,1,4097
palm,1,4098
disordered,1,4099
prefer,1,4100
tore,1,4101
conjurer,1,4102
sunshine,1,4103
lamenting,1,4104
remind,1,4105
food,1,4106
assertions,1,4107
obeyed,1,4108
seal,1,4109
borrow,1,4110
redeem,1,4111
unmoved,1,4112
holding,1,4113
local,1,4114
partly,1,4115
summons,1,4116
guessing,1,4117
Concealing,1,4118
resumed,1,4119
tempted,1,4120
tries,1,4121
chained,1,4122
smartness,1,4123
gape,1,4124
plants,1,4125
drain,1,4126
harmless,1,4127
westerly,1,4128
infamous,1,4129
wicket,1,4130
flourish,1,4131
branched,1,4132
passions,1,4133
tremour,1,4134
Hope,1,4135
fulfil,1,4136
galling,1,4137
abruptness,1,4138
Portman,1,4139
projects,1,4140
praises,1,4141
governing,1,4142
deplorable,1,4143
Please,1,4144
headed,1,4145
accusation,1,4146
homes,1,4147
search,1,4148
exorbitant,1,4149
outgrown,1,4150
capability,1,4151
unsteady,1,4152
seconds,1,4153
muslin,1,4154
crowned,1,4155
lustily,1,4156
repressed,1,4157
mornings,1,4158
shuffling,1,4159
flowing,1,4160
pretended,1,4161
doubtless,1,4162
feather,1,4163
extinction,1,4164
differing,1,4165
Whether,1,4166
worship,1,4167
cloud,1,4168
emphasis,1,4169
Lodging,1,4170
repine,1,4171
shape,1,4172
doubtingly,1,4173
breast,1,4174
ceiling,1,4175
New,1,4176
blast,1,4177
Ungracious,1,4178
dog,1,4179
occupation,1,4180
thistles,1,4181
scenery,1,4182
coachman,1,4183
distrusts,1,4184
sober,1,4185
defective,1,4186
stared,1,4187
newly,1,4188
undervalue,1,4189
cote,1,4190
environs,1,4191
landlord,1,4192
puzzle,1,4193
conceited,1,4194
hateful,1,4195
diminished,1,4196
encumbered,1,4197
artless,1,4198
metaphor,1,4199
Willing,1,4200
vile,1,4201
cough,1,4202
losing,1,4203
decline,1,4204
apiece,1,4205
parlors,1,4206
soured,1,4207
abounded,1,4208
suffers,1,4209
gowns,1,4210
tuition,1,4211
astray,1,4212
douceur,1,4213
piqued,1,4214
alphabet,1,4215
forbade,1,4216
Mid,1,4217
tiptoe,1,4218
Gone,1,4219
dissent,1,4220
Richard,1,4221
uncouth,1,4222
vigor,1,4223
demesne,1,4224
memorable,1,4225
fatiguing,1,4226
braving,1,4227
administer,1,4228
wiping,1,4229
precise,1,4230
arrives,1,4231
Twill,1,4232
city,1,4233
enamoured,1,4234
colder,1,4235
comment,1,4236
Shyness,1,4237
string,1,4238
assisting,1,4239
changes,1,4240
basis,1,4241
Almost,1,4242
ecstatic,1,4243
grate,1,4244
unison,1,4245
traded,1,4246
steadier,1,4247
suggestion,1,4248
Epicurism,1,4249
foreseeing,1,4250
hartshorn,1,4251
involve,1,4252
unbounded,1,4253
Holburn,1,4254
edtions,1,4255
lawyer,1,4256
failure,1,4257
poplars,1,4258
misled,1,4259
humouring,1,4260
manor,1,4261
hearts,1,4262
afflicting,1,4263
resources,1,4264
knoll,1,4265
splendidly,1,4266
tuned,1,4267
weaknesses,1,4268
uncivil,1,4269
proclaim,1,4270
striving,1,4271
postponing,1,4272
forwarded,1,4273
newness,1,4274
April,1,4275
smirked,1,4276
misapplied,1,4277
coincide,1,4278
replace,1,4279
infamously,1,4280
wrung,1,4281
cultivated,1,4282
decisive,1,4283
reaped,1,4284
believes,1,4285
enfeebled,1,4286
nonsense,1,4287
enormously,1,4288
regularity,1,4289
consisted,1,4290
grudge,1,4291
prettier,1,4292
playful,1,4293
Sackville,1,4294
modestest,1,4295
afflict,1,4296
consists,1,4297
cool,1,4298
bags,1,4299
gates,1,4300
wisher,1,4301
uppermost,1,4302
volume,1,4303
talent,1,4304
Bad,1,4305
inventive,1,4306
mighty,1,4307
amazing,1,4308
Hanger,1,4309
mourning,1,4310
endeavor,1,4311
singly,1,4312
stupified,1,4313
prettiest,1,4314
odious,1,4315
whims,1,4316
composedly,1,4317
clearer,1,4318
lifting,1,4319
bias,1,4320
spunging,1,4321
depravity,1,4322
forbid,1,4323
controlled,1,4324
stealing,1,4325
fury,1,4326
tidy,1,4327
aim,1,4328
ridge,1,4329
Music,1,4330
Gracious,1,4331
wide,1,4332
scratch,1,4333
courtesy,1,4334
kisses,1,4335
unitedly,1,4336
prophecies,1,4337
exercising,1,4338
posts,1,4339
ice,1,4340
degraded,1,4341
disputes,1,4342
endured,1,4343
deserted,1,4344
yielded,1,4345
defined,1,4346
prose,1,4347
pacified,1,4348
Absence,1,4349
delivery,1,4350
Gilberts,1,4351
demanded,1,4352
packed,1,4353
hilarity,1,4354
insulted,1,4355
nabobs,1,4356
appeased,1,4357
critique,1,4358
reminds,1,4359
wooded,1,4360
laboured,1,4361
pupil,1,4362
mounted,1,4363
theft,1,4364
dove,1,4365
availed,1,4366
renounced,1,4367
accurately,1,4368
bodily,1,4369
Law,1,4370
illaudable,1,4371
gales,1,4372
comer,1,4373
hinder,1,4374
inflicting,1,4375
jacket,1,4376
climbing,1,4377
delineated,1,4378
facts,1,4379
retired,1,4380
steadily,1,4381
inclosing,1,4382
meal,1,4383
desertion,1,4384
habitation,1,4385
lecture,1,4386
tables,1,4387
stocks,1,4388
forfeiting,1,4389
accidently,1,4390
cheat,1,4391
invite,1,4392
pleasanter,1,4393
haughty,1,4394
altering,1,4395
expand,1,4396
waistcoats,1,4397
Brown,1,4398
languages,1,4399
venturing,1,4400
depressed,1,4401
acquired,1,4402
producing,1,4403
Whereas,1,4404
unlocked,1,4405
Restless,1,4406
compass,1,4407
dies,1,4408
thick,1,4409
rendering,1,4410
Mistress,1,4411
danced,1,4412
objected,1,4413
crossness,1,4414
worlds,1,4415
lessening,1,4416
owners,1,4417
fled,1,4418
More,1,4419
monkey,1,4420
conditions,1,4421
bonnet,1,4422
nurses,1,4423
heroism,1,4424
genteelly,1,4425
bitterness,1,4426
petty,1,4427
hunts,1,4428
curious,1,4429
leisurely,1,4430
orphan,1,4431
hussy,1,4432
hop,1,4433
inflict,1,4434
blushes,1,4435
blank,1,4436
appeal,1,4437
stating,1,4438
curate,1,4439
fullest,1,4440
estimable,1,4441
Exchange,1,4442
honorable,1,4443
debts,1,4444
spotted,1,4445
boiled,1,4446
lengths,1,4447
Encouraged,1,4448
northward,1,4449
parliament,1,4450
black,1,4451
spoilt,1,4452
beamed,1,4453
presenting,1,4454
reasonings,1,4455
prayers,1,4456
reproving,1,4457
overlooked,1,4458
riding,1,4459
dreading,1,4460
silencing,1,4461
unsettle,1,4462
occupy,1,4463
artificial,1,4464
prenticed,1,4465
hens,1,4466
solely,1,4467
bedroom,1,4468
Excellent,1,4469
stew,1,4470
caricature,1,4471
boisterous,1,4472
unusually,1,4473
newer,1,4474
giddy,1,4475
forsaking,1,4476
glances,1,4477
warmest,1,4478
remedy,1,4479
equalled,1,4480
Concern,1,4481
amounted,1,4482
breed,1,4483
abstracted,1,4484
Short,1,4485
subsisting,1,4486
treasured,1,4487
imbibed,1,4488
utility,1,4489
stimulated,1,4490
recently,1,4491
faces,1,4492
stare,1,4493
associate,1,4494
Soon,1,4495
rises,1,4496
labour,1,4497
creation,1,4498
sheath,1,4499
undergoing,1,4500
leant,1,4501
rocks,1,4502
articulate,1,4503
heat,1,4504
containing,1,4505
pink,1,4506
conform,1,4507
enemy,1,4508
shrugging,1,4509
painfully,1,4510
Within,1,4511
regain,1,4512
Just,1,4513
Writing,1,4514
resists,1,4515
attacked,1,4516
awaking,1,4517
angrily,1,4518
risen,1,4519
disastrous,1,4520
occurrence,1,4521
bedrooms,1,4522
beings,1,4523
Get,1,4524
nodding,1,4525
muff,1,4526
Simpson,1,4527
dawned,1,4528
economical,1,4529
seasons,1,4530
unsuited,1,4531
acute,1,4532
confounded,1,4533
marries,1,4534
shield,1,4535
Mind,1,4536
clue,1,4537
streets,1,4538
Drury,1,4539
repulsed,1,4540
strikes,1,4541
fox,1,4542
helpless,1,4543
fame,1,4544
sisterly,1,4545
Infirmity,1,4546
induce,1,4547
Quite,1,4548
exclaiming,1,4549
mystery,1,4550
harp,1,4551
olives,1,4552
irregular,1,4553
refusal,1,4554
oneself,1,4555
apologies,1,4556
upright,1,4557
classed,1,4558
Watched,1,4559
knocking,1,4560
backwards,1,4561
reports,1,4562
debated,1,4563
Greatness,1,4564
songs,1,4565
atoned,1,4566
Austen,1,4567
outweighs,1,4568
benignant,1,4569
weddings,1,4570
reclaim,1,4571
amiably,1,4572
Improve,1,4573
strains,1,4574
supplying,1,4575
Hush,1,4576
unchanging,1,4577
talker,1,4578
repining,1,4579
seduced,1,4580
swallowed,1,4581
compared,1,4582
resembling,1,4583
doat,1,4584
chambers,1,4585
effected,1,4586
Bonomi,1,4587
forgetting,1,4588
profiting,1,4589
fairly,1,4590
transport,1,4591
marmalade,1,4592
parcels,1,4593
desponding,1,4594
safeguard,1,4595
habitual,1,4596
sin,1,4597
disbelief,1,4598
awakening,1,4599
funeral,1,4600
anticipate,1,4601
remedies,1,4602
barouches,1,4603
banns,1,4604
club,1,4605
retarded,1,4606
exchanged,1,4607
daggers,1,4608
grievance,1,4609
Benevolent,1,4610
kneeling,1,4611
uninformed,1,4612
keeping,1,4613
whispering,1,4614
foregoing,1,4615
imagery,1,4616
abhor,1,4617
Burgess,1,4618
impose,1,4619
circles,1,4620
candidly,1,4621
countless,1,4622
shortness,1,4623
Duty,1,4624
virtues,1,4625
discarded,1,4626
gloves,1,4627
faintness,1,4628
cheap,1,4629
Supported,1,4630
heroically,1,4631
fretted,1,4632
nieces,1,4633
augmented,1,4634
shake,1,4635
swell,1,4636
hostess,1,4637
drains,1,4638
knives,1,4639
sensibly,1,4640
intruding,1,4641
prescience,1,4642
ascending,1,4643
purse,1,4644
entrusted,1,4645
nests,1,4646
efficacy,1,4647
exactness,1,4648
Mansion,1,4649
pictures,1,4650
inelegant,1,4651
negative,1,4652
apologize,1,4653
puppies,1,4654
heath,1,4655
supplanted,1,4656
nasty,1,4657
unfair,1,4658
statement,1,4659
confiding,1,4660
Tis,1,4661
Bristol,1,4662
medium,1,4663
worsted,1,4664
latest,1,4665
Born,1,4666
mutton,1,4667
alighted,1,4668
Impudence,1,4669
furnishing,1,4670
strengthen,1,4671
bowling,1,4672
diabolical,1,4673
Rather,1,4674
Farm,1,4675
During,1,4676
frightens,1,4677
spoiling,1,4678
toned,1,4679
acceptably,1,4680
paces,1,4681
standard,1,4682
servilely,1,4683
propose,1,4684
marking,1,4685
manage,1,4686
blundered,1,4687
promotion,1,4688
stormy,1,4689
clergyman,1,4690
university,1,4691
malady,1,4692
reliance,1,4693
Hamlet,1,4694
earthly,1,4695
Ladyship,1,4696
unbroken,1,4697
project,1,4698
useless,1,4699
saves,1,4700
strive,1,4701
gallantry,1,4702
risking,1,4703
mountain,1,4704
renewing,1,4705
unresisted,1,4706
succour,1,4707
disgraced,1,4708
awoke,1,4709
gloried,1,4710
resisting,1,4711
dispatch,1,4712
truths,1,4713
fairer,1,4714
extort,1,4715
unbiased,1,4716
emergency,1,4717
cries,1,4718
acquitting,1,4719
permission,1,4720
henceforth,1,4721
accrue,1,4722
Against,1,4723
Reading,1,4724
commands,1,4725
await,1,4726
Eager,1,4727
provide,1,4728
powerful,1,4729
foretell,1,4730
popt,1,4731
minutely,1,4732
abandoned,1,4733
liquor,1,4734
familiar,1,4735
reformed,1,4736
sellers,1,4737
pasturage,1,4738
female,1,4739
seducer,1,4740
soothings,1,4741
behold,1,4742
Others,1,4743
emergence,1,4744
deterred,1,4745
troop,1,4746
sooth,1,4747
parents,1,4748
belongs,1,4749
niggardly,1,4750
abuses,1,4751
Each,1,4752
hardness,1,4753
genial,1,4754
eminence,1,4755
detract,1,4756
malignant,1,4757
purity,1,4758
history,1,4759
score,1,4760
jilting,1,4761
Queen,1,4762
Biddy,1,4763
inventing,1,4764
immovable,1,4765
Cartwright,1,4766
silk,1,4767
deliberate,1,4768
unsatiable,1,4769
blasted,1,4770
ranked,1,4771
enforcing,1,4772
footsteps,1,4773
scrutinies,1,4774
philippic,1,4775
infant,1,4776
plague,1,4777
couched,1,4778
veal,1,4779
ennui,1,4780
feeding,1,4781
bank,1,4782
incurred,1,4783
interests,1,4784
indelicacy,1,4785
Which,1,4786
Truth,1,4787
wettest,1,4788
cash,1,4789
narrator,1,4790
defy,1,4791
moiety,1,4792
burnt,1,4793
Life,1,4794
rectitude,1,4795
dispersing,1,4796
twould,1,4797
fish,1,4798
unabated,1,4799
commended,1,4800
harbour,1,4801
blockhead,1,4802
idled,1,4803
Everybody,1,4804
honourably,1,4805
Columella,1,4806
ham,1,4807
installed,1,4808
fates,1,4809
dooming,1,4810
commercial,1,4811
maxim,1,4812
wearing,1,4813
spending,1,4814
resume,1,4815
creating,1,4816
Vanity,1,4817
stylish,1,4818
obstacles,1,4819
quickened,1,4820
ash,1,4821
Still,1,4822
Secrecy,1,4823
plead,1,4824
accosted,1,4825
intend,1,4826
rolling,1,4827
abatement,1,4828
contrives,1,4829
pages,1,4830
begins,1,4831
abstruse,1,4832
plighted,1,4833
rugged,1,4834
Till,1,4835
vicinity,1,4836
agitate,1,4837
proposals,1,4838
dispersed,1,4839
Far,1,4840
fretful,1,4841
west,1,4842
Dullness,1,4843
revival,1,4844
mood,1,4845
compliant,1,4846
betray,1,4847
dryness,1,4848
bout,1,4849
drives,1,4850
studies,1,4851
joys,1,4852
Surprised,1,4853
roared,1,4854
overheard,1,4855
frightful,1,4856
caressing,1,4857
awhile,1,4858
sensitive,1,4859
sociable,1,4860
plaguing,1,4861
separately,1,4862
covering,1,4863
Cassino,1,4864
Impatient,1,4865
replying,1,4866
beset,1,4867
motherly,1,4868
warehouse,1,4869
possesses,1,4870
closing,1,4871
dwell,1,4872
recurrence,1,4873
fainting,1,4874
delighful,1,4875
demeanor,1,4876
assiduous,1,4877
despising,1,4878
amazingly,1,4879
gigs,1,4880
completed,1,4881
wrought,1,4882
Gibson,1,4883
diction,1,4884
festival,1,4885
befallen,1,4886
stole,1,4887
resented,1,4888
clerk,1,4889
fetches,1,4890
oath,1,4891
inspiring,1,4892
scratching,1,4893
messages,1,4894
gives,1,4895
humbled,1,4896
shuddering,1,4897
stuffed,1,4898
inflicted,1,4899
biased,1,4900
butcher,1,4901
disposing,1,4902
Dartford,1,4903
refinement,1,4904
stroke,1,4905
silks,1,4906
turnpike,1,4907
salmon,1,4908
Abbeyland,1,4909
included,1,4910
Early,1,4911
offences,1,4912
worked,1,4913
glebe,1,4914
tortured,1,4915
faster,1,4916
Dennison,1,4917
quickest,1,4918
laudable,1,4919
vouchsafed,1,4920
relatives,1,4921
toleration,1,4922
adhering,1,4923
thirteen,1,4924
denoted,1,4925
referring,1,4926
tattered,1,4927
band,1,4928
medicine,1,4929
opera,1,4930
prudently,1,4931
wildest,1,4932
rascally,1,4933
dessert,1,4934
cod,1,4935
scorn,1,4936
Esteem,1,4937
requesting,1,4938
luxurious,1,4939
intruder,1,4940
respective,1,4941
exceeded,1,4942
merrier,1,4943
keeps,1,4944
likeness,1,4945
compromise,1,4946
sale,1,4947
Rose,1,4948
pearls,1,4949
whiter,1,4950
idolized,1,4951
jest,1,4952
dissimilar,1,4953
meantime,1,4954
monopolize,1,4955
murmurings,1,4956
panting,1,4957
adequate,1,4958
dejected,1,4959
madness,1,4960
collecting,1,4961
cessation,1,4962
November,1,4963
grows,1,4964
mound,1,4965
blooming,1,4966
shutter,1,4967
Pope,1,4968
unfatherly,1,4969
ponds,1,4970
fanciful,1,4971
forfeited,1,4972
awaited,1,4973
fir,1,4974
accents,1,4975
unlover,1,4976
turf,1,4977
Henshawe,1,4978
repaid,1,4979
publishing,1,4980
largest,1,4981
Somerset,1,4982
ranging,1,4983
hallooing,1,4984
hospitable,1,4985
Domestic,1,4986
justifying,1,4987
debate,1,4988
unfolded,1,4989
conforming,1,4990
brighter,1,4991
emigrant,1,4992
reaching,1,4993
Esq,1,4994
conspired,1,4995
accuse,1,4996
unobserved,1,4997
possessing,1,4998
abridge,1,4999
denote,1,5000
Cross,1,5001
Cold,1,5002
deemed,1,5003
religion,1,5004
reseated,1,5005
exceed,1,5006
esteeming,1,5007
gathered,1,5008
pull,1,5009
hears,1,5010
clapped,1,5011
pursue,1,5012
eluded,1,5013
production,1,5014
lain,1,5015
mistakes,1,5016
cramps,1,5017
bequeath,1,5018
couples,1,5019
Sally,1,5020
contribute,1,5021
relent,1,5022
washing,1,5023
enclosure,1,5024
teazed,1,5025
Sunday,1,5026
decisively,1,5027
Ashamed,1,5028
Whoever,1,5029
seized,1,5030
tower,1,5031
stupor,1,5032
softener,1,5033
rapacious,1,5034
contrasted,1,5035
Determined,1,5036
unavailing,1,5037
decree,1,5038
thankfully,1,5039
Continual,1,5040
famous,1,5041
option,1,5042
omitted,1,5043
frantic,1,5044
similarity,1,5045
lightly,1,5046
stranger,1,5047
newspapers,1,5048
joking,1,5049
abundance,1,5050
acacia,1,5051
presumed,1,5052
embraces,1,5053
helpmate,1,5054
ankle,1,5055
retailed,1,5056
worthy,1,5057
reform,1,5058
brilliancy,1,5059
resettled,1,5060
unseen,1,5061
exclaim,1,5062
augmenting,1,5063
healthful,1,5064
caused,1,5065
widely,1,5066
sixpence,1,5067
frighten,1,5068
dispute,1,5069
crept,1,5070
Inn,1,5071
whoever,1,5072
swollen,1,5073
covenant,1,5074
criminal,1,5075
unpardoned,1,5076
Invited,1,5077
feels,1,5078
rumour,1,5079
torrent,1,5080
ingenuity,1,5081
stake,1,5082
meat,1,5083
Sharpe,1,5084
demur,1,5085
spends,1,5086
puppy,1,5087
politely,1,5088
plea,1,5089
headstrong,1,5090
incommoded,1,5091
counsellor,1,5092
unfeigned,1,5093
conjure,1,5094
tempting,1,5095
bidding,1,5096
ivory,1,5097
livings,1,5098
mass,1,5099
exhausted,1,5100
dawdling,1,5101
slighting,1,5102
rub,1,5103
judicious,1,5104
Holborn,1,5105
Confess,1,5106
ebullition,1,5107
Whitakers,1,5108
garrets,1,5109
impudence,1,5110
decently,1,5111
storm,1,5112
dresses,1,5113
date,1,5114
Abundance,1,5115
intents,1,5116
inheritor,1,5117
Once,1,5118
stepped,1,5119
allusion,1,5120
whip,1,5121
addresses,1,5122
reputation,1,5123
measured,1,5124
sedulously,1,5125
execution,1,5126
flowed,1,5127
sneer,1,5128
doatingly,1,5129
residing,1,5130
bones,1,5131
dearly,1,5132
vouchsafe,1,5133
wont,1,5134
horridly,1,5135
trades,1,5136
clemency,1,5137
directing,1,5138
untried,1,5139
females,1,5140
stopping,1,5141
fertile,1,5142
identify,1,5143
Pardon,1,5144
grey,1,5145
Careless,1,5146
Extend,1,5147
memento,1,5148
reflected,1,5149
chatty,1,5150
Months,1,5151
billiard,1,5152
unnoticed,1,5153
named,1,5154
impediment,1,5155
frivolous,1,5156
fondness,1,5157
shameless,1,5158
sauntered,1,5159
casts,1,5160
entry,1,5161
collation,1,5162
ruins,1,5163
aptitude,1,5164
incurable,1,5165
Regard,1,5166
hit,1,5167
rushed,1,5168
poignant,1,5169
vigour,1,5170
bottoms,1,5171
uproar,1,5172
Frosts,1,5173
handsomely,1,5174
Chagrined,1,5175
literature,1,5176
varied,1,5177
coxcombs,1,5178
improperly,1,5179
disarm,1,5180
patroness,1,5181
stipulate,1,5182
untied,1,5183
Precious,1,5184
hearer,1,5185
nought,1,5186
incitement,1,5187
transacted,1,5188
gardener,1,5189
witnessing,1,5190
genuinely,1,5191
showers,1,5192
shooting,1,5193
fourteenth,1,5194
suspects,1,5195
cheered,1,5196
refreshed,1,5197
actual,1,5198
scrape,1,5199
save,1,5200
Casino,1,5201
manager,1,5202
philosophy,1,5203
Newton,1,5204
hero,1,5205
differed,1,5206
Scotland,1,5207
mutually,1,5208
joked,1,5209
arrive,1,5210
derive,1,5211
bind,1,5212
failing,1,5213
torment,1,5214
relapse,1,5215
amusing,1,5216
flushed,1,5217
Saturday,1,5218
jumbled,1,5219
quivered,1,5220
disclosure,1,5221
ages,1,5222
comprised,1,5223
interfere,1,5224
purposes,1,5225
widower,1,5226
discreet,1,5227
regulate,1,5228
impudently,1,5229
image,1,5230
lesson,1,5231
officious,1,5232
sallow,1,5233
rash,1,5234
obstructed,1,5235
accounted,1,5236
nuncheon,1,5237
duration,1,5238
enlarge,1,5239
mingle,1,5240
pecuniary,1,5241
affixed,1,5242
gathering,1,5243
virulence,1,5244
cant,1,5245
errors,1,5246
winks,1,5247
anymore,1,5248
reconcile,1,5249
conformity,1,5250
cutlets,1,5251
older,1,5252
minor,1,5253
bitch,1,5254
confidant,1,5255
blunt,1,5256
rare,1,5257
expel,1,5258
retrenched,1,5259
unemployed,1,5260
abundantly,1,5261
wittiest,1,5262
denoting,1,5263
accordant,1,5264
secures,1,5265
sobbed,1,5266
seduction,1,5267
detaining,1,5268
chaperon,1,5269
excepting,1,5270
accustom,1,5271
toilet,1,5272
workmen,1,5273
systems,1,5274
Weymouth,1,5275
dawdled,1,5276
agreeing,1,5277
obviated,1,5278
meanwhile,1,5279
asserted,1,5280
position,1,5281
forwarding,1,5282
Having,1,5283
slyly,1,5284
yard,1,5285
shutting,1,5286
adopted,1,5287
reanimate,1,5288
reconsider,1,5289
heights,1,5290
vowed,1,5291
prosperous,1,5292
appetites,1,5293
intruded,1,5294
keys,1,5295
signs,1,5296
army,1,5297
dagger,1,5298
blinded,1,5299
unshaken,1,5300
adjusting,1,5301
souls,1,5302
dispatches,1,5303
hazarded,1,5304
sealed,1,5305
insincere,1,5306
potent,1,5307
inch,1,5308
Luckily,1,5309
incessant,1,5310
substance,1,5311
partners,1,5312
applauded,1,5313
author,1,5314
captivate,1,5315
scrupled,1,5316
oftenest,1,5317
reclining,1,5318
mistrust,1,5319
irresolute,1,5320
depart,1,5321
spasm,1,5322
page,1,5323
alarms,1,5324
Men,1,5325
lighter,1,5326
merited,1,5327
Lombardy,1,5328
sweetmeats,1,5329
lament,1,5330
sugar,1,5331
mohrs,1,5332
bequeathed,1,5333
warning,1,5334
weakening,1,5335
accelerate,1,5336
blush,1,5337
effecting,1,5338
loving,1,5339
sedateness,1,5340
original,1,5341
endear,1,5342
vestibule,1,5343
deter,1,5344
clamorous,1,5345
Grandeur,1,5346
packages,1,5347
Pleased,1,5348
lightened,1,5349
militated,1,5350
blights,1,5351
bely,1,5352
lounging,1,5353
cutting,1,5354
toward,1,5355
defended,1,5356
aunt,1,5357
surpass,1,5358
centered,1,5359
drunk,1,5360
stares,1,5361
Parliament,1,5362
eloping,1,5363
lip,1,5364
Thomson,1,5365
plump,1,5366
comforted,1,5367
kicked,1,5368
inspect,1,5369
traits,1,5370
touched,1,5371
bursts,1,5372
banker,1,5373
invaluable,1,5374
Fifteen,1,5375
intent,1,5376
instigated,1,5377
residue,1,5378
outside,1,5379
scrupulous,1,5380
faithful,1,5381
confidante,1,5382
simpering,1,5383
zealously,1,5384
smitten,1,5385
roads,1,5386
recreating,1,5387
destroy,1,5388
stomach,1,5389
archness,1,5390
handle,1,5391
Godby,1,5392
Engagement,1,5393
jealousy,1,5394
lodging,1,5395
rightly,1,5396
eternal,1,5397
break,1,5398
ornamented,1,5399
removes,1,5400
foresaw,1,5401
forbear,1,5402
swept,1,5403
contriving,1,5404
breathing,1,5405
smoothly,1,5406
blue,1,5407
steward,1,5408
credulous,1,5409
provisions,1,5410
Must,1,5411
forego,1,5412
bee,1,5413
sometime,1,5414
delays,1,5415
huswifes,1,5416
Imagine,1,5417
expatiate,1,5418
worry,1,5419
precision,1,5420
smokes,1,5421
Relate,1,5422
villainy,1,5423
trials,1,5424
inhabiting,1,5425
reproaches,1,5426
vague,1,5427
grass,1,5428
brooding,1,5429
screened,1,5430
concise,1,5431
penitent,1,5432
pocketbook,1,5433
excursive,1,5434
path,1,5435
control,1,5436
completion,1,5437
Three,1,5438
extorted,1,5439
echoed,1,5440
Valley,1,5441
hauteur,1,5442
nerve,1,5443
external,1,5444
trim,1,5445
Wherever,1,5446
regiment,1,5447
valueless,1,5448
nipped,1,5449
billiards,1,5450
fuss,1,5451
mindful,1,5452
ere,1,5453
Impossible,1,5454
broader,1,5455
adding,1,5456
polished,1,5457
quarrelled,1,5458
moss,1,5459
ingenious,1,5460
Besides,1,5461
loitered,1,5462
enquired,1,5463
treachery,1,5464
sorrowful,1,5465
preceded,1,5466
minuteness,1,5467
Sincerely,1,5468
Building,1,5469
savings,1,5470
rug,1,5471
discern,1,5472
Hour,1,5473
oddest,1,5474
answers,1,5475
tardy,1,5476
divorce,1,5477
fearing,1,5478
pitched,1,5479
regulated,1,5480
vacate,1,5481
comprise,1,5482
inner,1,5483
enraged,1,5484
projection,1,5485
patronage,1,5486
simpered,1,5487
equals,1,5488
salts,1,5489
valleys,1,5490
protect,1,5491
amended,1,5492
wounded,1,5493
James,1,5494
hostile,1,5495
obviating,1,5496
singing,1,5497
warmed,1,5498
hunt,1,5499
pointedly,1,5500
condolence,1,5501
persevered,1,5502
blushing,1,5503
Pity,1,5504
scanty,1,5505
throughout,1,5506
reasoning,1,5507
practiced,1,5508
deserves,1,5509
usage,1,5510
kinder,1,5511
beasts,1,5512
listener,1,5513
faded,1,5514
dances,1,5515
grieves,1,5516
stock,1,5517
practised,1,5518
heirs,1,5519
successful,1,5520
acutely,1,5521
blamed,1,5522
pimples,1,5523
Supposing,1,5524
describing,1,5525
feature,1,5526
mend,1,5527
bespoke,1,5528
observer,1,5529
None,1,5530
novel,1,5531
poking,1,5532
stammered,1,5533
terminated,1,5534
fat,1,5535
estranged,1,5536
Think,1,5537
soldier,1,5538
imprint,1,5539
hall,1,5540
renewal,1,5541
foolishly,1,5542
unawares,1,5543
juvenile,1,5544
struggled,1,5545
patches,1,5546
outrun,1,5547
elect,1,5548
retreating,1,5549
powerfully,1,5550
deepest,1,5551
tormented,1,5552
shamefully,1,5553
conning,1,5554
tastes,1,5555
stated,1,5556
bluntly,1,5557
heir,1,5558
dispatched,1,5559
editions,1,5560
untouched,1,5561
boldly,1,5562
mild,1,5563
duly,1,5564
recognised,1,5565
ample,1,5566
unwarily,1,5567
chuckle,1,5568
blameless,1,5569
choked,1,5570
diffuse,1,5571
simplest,1,5572
afflicted,1,5573
ungenteel,1,5574
deliver,1,5575
enrich,1,5576
penury,1,5577
collection,1,5578
fowls,1,5579
volunteer,1,5580
decease,1,5581
outstaid,1,5582
imply,1,5583
persisting,1,5584
Midsummer,1,5585
blown,1,5586
reprobate,1,5587
holds,1,5588
annum,1,5589
froid,1,5590
performing,1,5591
minutiae,1,5592
Astonished,1,5593
detected,1,5594
Civil,1,5595
unquiet,1,5596
implies,1,5597
disquiet,1,5598
auspicious,1,5599
fly,1,5600
reckons,1,5601
lowness,1,5602
protested,1,5603
alloy,1,5604
Folly,1,5605
dotted,1,5606
concerto,1,5607
Sense,1,5608
partook,1,5609
submitting,1,5610
witnesses,1,5611
urgency,1,5612
condemning,1,5613
birth,1,5614
oftener,1,5615
bedchamber,1,5616
Knowing,1,5617
rheumatic,1,5618
Reflection,1,5619
healing,1,5620
rescued,1,5621
pictured,1,5622
opposite,1,5623
legacies,1,5624
Priory,1,5625
patronised,1,5626
Norfolk,1,5627
warranted,1,5628
surveying,1,5629
boasting,1,5630
exercised,1,5631
canvassing,1,5632
abused,1,5633
chairs,1,5634
buying,1,5635
abominably,1,5636
sting,1,5637
trick,1,5638
dairy,1,5639
mankind,1,5640
shrewd,1,5641
Anxiety,1,5642
goodby,1,5643
stiffly,1,5644
branch,1,5645
tediously,1,5646
playthings,1,5647
cats,1,5648
Constantia,1,5649
professed,1,5650
paint,1,5651
entertain,1,5652
knave,1,5653
sourness,1,5654
claiming,1,5655
detestably,1,5656
punctual,1,5657
guide,1,5658
chosen,1,5659
witty,1,5660
surviving,1,5661
incommode,1,5662
wonderer,1,5663
Allow,1,5664
unread,1,5665
innate,1,5666
Going,1,5667
ruling,1,5668
lief,1,5669
maxims,1,5670
westward,1,5671
thirds,1,5672
indecorous,1,5673
management,1,5674
sing,1,5675
coachmaker,1,5676
economy,1,5677
blackest,1,5678
Business,1,5679
insist,1,5680
blunder,1,5681
puppyism,1,5682
calculate,1,5683
sprained,1,5684
sofa,1,5685
Half,1,5686
nettles,1,5687
embitter,1,5688
Dearest,1,5689
Bishop,1,5690
dream,1,5691
Mine,1,5692
remorse,1,5693
obedient,1,5694
whomsoever,1,5695
noisier,1,5696
ninny,1,5697
knack,1,5698
hue,1,5699
upstairs,1,5700
comforter,1,5701
stationer,1,5702
witticisms,1,5703
attacks,1,5704
worded,1,5705
wedding,1,5706
forcibly,1,5707
adapted,1,5708
belonged,1,5709
merriment,1,5710
Want,1,5711
plait,1,5712
shades,1,5713
verbal,1,5714
Mab,1,5715
beef,1,5716
bathed,1,5717
slope,1,5718
counter,1,5719
embraced,1,5720
giggling,1,5721
destroys,1,5722
pretends,1,5723
Lane,1,5724
brood,1,5725
militate,1,5726
shutters,1,5727
affects,1,5728
steadfast,1,5729
imitate,1,5730
tumbled,1,5731
penetrate,1,5732
beat,1,5733
obtaining,1,5734
policy,1,5735
Altogether,1,5736
amiss,1,5737
wiser,1,5738
moonlight,1,5739
proprietor,1,5740
weathered,1,5741
insulting,1,5742
start,1,5743
charged,1,5744
lamps,1,5745
injure,1,5746
connect,1,5747
villages,1,5748
howsever,1,5749
undivided,1,5750
unforeseen,1,5751
tablecloth,1,5752
Cruel,1,5753
dismiss,1,5754
romance,1,5755
regards,1,5756
ankles,1,5757
detecting,1,5758
bluster,1,5759
interviews,1,5760
below,1,5761
shown,1,5762
changing,1,5763
concession,1,5764
prejudices,1,5765
Hunters,1,5766
shivering,1,5767
candles,1,5768
wander,1,5769
heartiness,1,5770
inhabited,1,5771
taxed,1,5772
observable,1,5773
drawback,1,5774
mosquitoes,1,5775
stirred,1,5776
directions,1,5777
comings,1,5778
Exert,1,5779
Sandersons,1,5780
keen,1,5781
preserver,1,5782
banish,1,5783
atoning,1,5784
rings,1,5785
presents,1,5786
mare,1,5787
convert,1,5788
dissented,1,5789
powered,1,5790
unites,1,5791
leagued,1,5792
etiquette,1,5793
admirers,1,5794
halves,1,5795
devolved,1,5796
crossing,1,5797
swoon,1,5798
presided,1,5799
descendant,1,5800
labor,1,5801
Walker,1,5802
speed,1,5803
hither,1,5804
Choice,1,5805
reverted,1,5806
wrapped,1,5807
painter,1,5808
pattern,1,5809
tricked,1,5810
unequal,1,5811
hoarded,1,5812
viewed,1,5813
suitor,1,5814
gaze,1,5815
